catchment,year,tube_number,date_in,date_out,daysout_number,inorganic_g,organic_g,inorganic_gperm2,organic_gperm2
34L,1997,1,1997-08-19,1997-11-13,86,1.1478,0.1536,1866.3228000000017,249.75359999999992
34L,1997,2,1997-08-19,1997-11-13,86,NA,NA,NA,NA
34L,1997,3,1997-08-19,1997-11-13,86,1.5542,0.2432,2527.129199999996,395.4431999999976
34L,1997,4,1997-08-19,1997-11-13,86,NA,NA,NA,NA
34L,1997,5,1997-08-19,1997-11-13,86,NA,NA,NA,NA
34L,1997,6,1997-08-19,1997-11-13,86,NA,NA,NA,NA
34L,1997,7,1997-08-19,1997-11-13,86,10.3740,0.2774,16868.12400000001,451.0523999999915
34L,1997,8,1997-08-19,1997-11-13,86,4.2750,0.1596,6951.150000000003,259.50959999999884
34L,1997,9,1997-08-19,1997-11-13,86,2.6372,0.1976,4288.0871999999945,321.2976000000058
34L,1997,10,1997-08-19,1997-11-13,86,NA,NA,NA,NA
34L,1998,1,1998-04-28,1998-07-20,83,1.4367,0.1569,2336.0742,255.1193999999997
34L,1998,2,1998-04-28,1998-07-20,83,5.7408,0.2864,9334.5408,465.68640000000073
34L,1998,3,1998-04-28,1998-07-20,83,3.4346,0.2312,5584.659599999999,375.9312000000005
34L,1998,4,1998-04-28,1998-07-20,83,4.7958,0.5624,7797.9708,914.4624000000003
34L,1998,5,1998-04-28,1998-07-20,83,1.3139,0.1762,2136.4013999999997,286.5012000000002
34L,1998,6,1998-04-28,1998-07-20,83,1.5890,0.1631,2583.714,265.2006
34L,1998,7,1998-04-28,1998-07-20,83,2.3194,0.1708,3771.3444000000004,277.7207999999997
34L,1998,8,1998-04-28,1998-07-20,83,4.0366,0.2400,6563.465142857144,390.239999999999
34L,1998,9,1998-04-28,1998-07-20,83,6.8952,0.2216,11211.595199999998,360.32160000000073
34L,1998,10,1998-04-28,1998-07-20,83,1.6200,0.0812,2634.1199999999994,132.0311999999999
34L,1998,1,1998-04-28,1998-07-20,83,0.4505,0.1228,732.5129999999998,199.6728000000004
34L,1998,2,1998-04-28,1998-07-20,83,0.6669,0.1383,1084.3793999999998,224.87580000000017
34L,1998,3,1998-04-28,1998-07-20,83,0.7129,0.1825,1159.1754,296.74499999999944
34L,1998,4,1998-04-28,1998-07-20,83,0.3872,0.0803,629.5872000000004,130.5677999999997
34L,1998,5,1998-04-28,1998-07-20,83,0.6761,0.1952,1099.3386000000003,317.3951999999997
34L,1998,6,1998-04-28,1998-07-20,83,0.6335,0.1523,1030.071,247.6397999999998
34L,1998,7,1998-04-28,1998-07-20,83,0.7461,0.1987,1213.2128000000002,323.0319999999991
34L,1998,8,1998-04-28,1998-07-20,83,1.1432,0.4804,1858.8432000000003,781.1303999999992
34L,1998,9,1998-04-28,1998-07-20,83,0.5912,0.1829,961.2911999999999,297.4496000000001
34L,1998,10,1998-04-28,1998-07-20,83,0.4419,0.1765,718.4751999999997,287.0432000000002
34L,1999,1,1999-05-01,1999-08-06,97,0.3192,0.1452,519.0192000000006,236.0952
34L,1999,2,1999-05-01,1999-08-06,97,0.9424,0.2136,1532.3424000000002,347.31360000000075
34L,1999,3,1999-05-01,1999-08-06,97,0.3620,0.1856,588.6120000000002,301.7856
34L,1999,4,1999-05-01,1999-08-06,97,0.5429,0.1509,882.6857142857141,245.2937142857142
34L,1999,5,1999-05-01,1999-08-06,97,1.5288,0.5168,2485.8288000000007,840.3167999999998
34L,1999,6,1999-05-01,1999-08-06,97,0.9566,0.2566,1555.3851428571427,417.18514285714247
34L,1999,7,1999-05-01,1999-08-06,97,0.4638,0.1564,754.102666666667,254.37866666666685
34L,1999,8,1999-05-01,1999-08-06,97,0.3748,0.1788,609.4248000000008,290.72879999999975
34L,1999,9,1999-05-01,1999-08-06,97,0.3833,0.1620,623.3,263.41199999999986
34L,1999,10,1999-05-01,1999-08-06,97,0.8640,0.4560,1404.8640000000012,741.4559999999992
34L,1999,1,1999-08-06,1999-10-15,70,NA,NA,NA,NA
34L,1999,2,1999-08-06,1999-10-15,70,2.1984,0.3756,3574.598399999999,610.7256000000007
34L,1999,3,1999-08-06,1999-10-15,70,1.3619,0.2441,2214.4494,396.9066
34L,1999,4,1999-08-06,1999-10-15,70,0.3829,0.0492,622.5954,79.99919999999986
34L,1999,5,1999-08-06,1999-10-15,70,2.5308,0.4580,4115.080799999999,744.7080000000003
34L,1999,6,1999-08-06,1999-10-15,70,0.6807,0.1567,1106.8182000000002,254.79419999999973
34L,1999,7,1999-08-06,1999-10-15,70,1.1440,0.1876,1860.1439999999998,305.03760000000034
34L,1999,8,1999-08-06,1999-10-15,70,0.7348,0.2028,1194.7848,329.7528000000005
34L,1999,9,1999-08-06,1999-10-15,70,0.6747,0.1737,1097.0621999999998,282.4362000000003
34L,1999,10,1999-08-06,1999-10-15,70,1.4820,0.3692,2409.7320000000004,600.3191999999989
34L,2000,1,2000-07-17,2000-10-13,88,0.8400,0.3008,1365.8399999999997,489.100800000001
34L,2000,2,2000-07-17,2000-10-13,88,0.8920,0.2280,1450.3919999999991,370.7280000000003
34L,2000,3,2000-07-17,2000-10-13,88,0.5173,0.1884,841.1297999999995,306.3384000000002
34L,2000,4,2000-07-17,2000-10-13,88,0.8673,0.1947,1410.2840000000012,316.5279999999989
34L,2000,5,2000-07-17,2000-10-13,88,1.2945,0.3900,2104.857000000001,634.1400000000006
34L,2000,6,2000-07-17,2000-10-13,88,0.8315,0.1740,1352.018999999999,282.92400000000134
34L,2000,7,2000-07-17,2000-10-13,88,1.1378,0.1050,1849.9815000000021,170.72999999999996
34L,2000,8,2000-07-17,2000-10-13,88,0.4653,0.1847,756.632000000001,300.26799999999815
34L,2000,9,2000-07-17,2000-10-13,88,0.9232,0.2472,1501.1231999999993,401.94719999999904
34L,2000,10,2000-07-17,2000-10-13,88,0.6660,0.4330,1082.916,704.0580000000001
34L,2000,1,2000-07-17,2000-10-13,88,NA,NA,NA,NA
34L,2000,2,2000-07-17,2000-10-13,88,NA,NA,NA,NA
34L,2000,3,2000-07-17,2000-10-13,88,NA,NA,NA,NA
34L,2000,4,2000-07-17,2000-10-13,88,NA,NA,NA,NA
34L,2000,5,2000-07-17,2000-10-13,88,NA,NA,NA,NA
34L,2000,6,2000-07-17,2000-10-13,88,NA,NA,NA,NA
34L,2000,7,2000-07-17,2000-10-13,88,NA,NA,NA,NA
34L,2000,8,2000-07-17,2000-10-13,88,NA,NA,NA,NA
34L,2000,9,2000-07-17,2000-10-13,88,NA,NA,NA,NA
34L,2000,10,2000-07-17,2000-10-13,88,NA,NA,NA,NA
34M,1997,1,1997-08-19,1997-11-13,86,0.1665,0.0763,270.72900000000016,124.0638000000004
34M,1997,2,1997-08-19,1997-11-13,86,0.0558,0.0363,90.73080000000012,59.0238
34M,1997,3,1997-08-19,1997-11-13,86,0.1675,0.0845,272.35499999999996,137.39700000000002
34M,1997,4,1997-08-19,1997-11-13,86,2.3750,0.2090,3861.75,339.83400000000375
34M,1997,5,1997-08-19,1997-11-13,86,0.1270,0.0788,206.50200000000035,128.1287999999996
34M,1997,6,1997-08-19,1997-11-13,86,0.0704,0.0438,114.47040000000003,71.2188000000001
34M,1997,7,1997-08-19,1997-11-13,86,0.0688,0.0552,111.86880000000032,89.75519999999986
34M,1997,8,1997-08-19,1997-11-13,86,0.2938,0.0687,477.71879999999976,111.70619999999997
34M,1997,9,1997-08-19,1997-11-13,86,1.1552,0.1102,1878.3551999999988,179.18519999999398
34M,1997,10,1997-08-19,1997-11-13,86,0.0960,0.0498,156.09599999999978,80.9748000000001
34M,1998,1,1998-04-28,1998-07-20,83,1.3334,0.1080,2168.1084,175.60800000000015
34M,1998,2,1998-04-28,1998-07-20,83,2.2244,0.1550,3616.8744,252.02999999999895
34M,1998,3,1998-04-28,1998-07-20,83,1.8389,0.1320,2990.0514,214.6320000000002
34M,1998,4,1998-04-28,1998-07-20,83,1.1270,0.0643,1832.502,104.55179999999967
34M,1998,5,1998-04-28,1998-07-20,83,0.9248,0.1502,1503.7248000000002,244.22519999999983
34M,1998,6,1998-04-28,1998-07-20,83,0.6533,0.1100,1062.2658,178.8599999999998
34M,1998,7,1998-04-28,1998-07-20,83,0.5043,0.0780,819.9917999999996,126.82800000000049
34M,1998,8,1998-04-28,1998-07-20,83,0.4493,0.0713,730.5618000000001,115.93379999999986
34M,1998,9,1998-04-28,1998-07-20,83,0.8142,0.0982,1323.8892,159.67319999999975
34M,1998,10,1998-04-28,1998-07-20,83,0.5226,0.1062,849.7476000000003,172.68119999999976
34M,1998,1,1998-04-28,1998-07-20,83,0.1799,0.0479,292.5173999999999,77.88540000000009
34M,1998,2,1998-04-28,1998-07-20,83,0.5248,0.1217,853.3247999999999,197.88420000000025
34M,1998,3,1998-04-28,1998-07-20,83,0.3556,0.1116,578.2056000000002,181.46160000000023
34M,1998,4,1998-04-28,1998-07-20,83,0.5999,0.1121,975.4374000000005,182.2745999999998
34M,1998,5,1998-04-28,1998-07-20,83,0.6430,0.0724,1045.5180000000005,117.72240000000004
34M,1998,6,1998-04-28,1998-07-20,83,0.1002,0.0473,162.9252000000001,76.90979999999983
34M,1998,7,1998-04-28,1998-07-20,83,0.1432,0.0757,232.8432,123.0881999999998
34M,1998,8,1998-04-28,1998-07-20,83,0.1736,0.0919,282.2736,149.42940000000016
34M,1998,9,1998-04-28,1998-07-20,83,0.1728,0.0530,280.9728000000001,86.1779999999999
34M,1998,10,1998-04-28,1998-07-20,83,0.0538,0.0378,87.47880000000012,61.462800000000094
34M,1999,1,1999-05-01,1999-08-06,97,0.1908,0.1156,310.2408000000005,187.9655999999995
34M,1999,2,1999-05-01,1999-08-06,97,0.3152,0.1160,512.5151999999998,188.61599999999945
34M,1999,3,1999-05-01,1999-08-06,97,0.2767,0.1687,449.860000000001,274.2519999999987
34M,1999,4,1999-05-01,1999-08-06,97,0.1087,0.0085,176.74620000000004,13.820999999999922
34M,1999,5,1999-05-01,1999-08-06,97,0.9966,0.2829,1620.425142857144,459.9257142857131
34M,1999,6,1999-05-01,1999-08-06,97,0.2693,0.1633,437.936,265.57999999999964
34M,1999,7,1999-05-01,1999-08-06,97,0.1910,0.1325,310.5660000000001,215.44499999999977
34M,1999,8,1999-05-01,1999-08-06,97,0.2431,0.0660,395.28059999999977,107.3160000000001
34M,1999,9,1999-05-01,1999-08-06,97,0.2127,0.1413,345.795999999998,229.8080000000012
34M,1999,10,1999-05-01,1999-08-06,97,0.1891,0.1434,307.54628571428486,233.21485714285828
34M,1999,1,1999-08-06,1999-10-15,70,0.2542,0.0555,413.32919999999996,90.24300000000017
34M,1999,2,1999-08-06,1999-10-15,70,1.0408,0.1620,1692.3408000000002,263.41199999999986
34M,1999,3,1999-08-06,1999-10-15,70,0.7332,0.1560,1192.1831999999997,253.65600000000023
34M,1999,4,1999-08-06,1999-10-15,70,NA,0.1748,NA,284.22479999999973
34M,1999,5,1999-08-06,1999-10-15,70,1.3539,0.1324,2201.4413999999997,215.2824000000001
34M,1999,6,1999-08-06,1999-10-15,70,0.0410,0.0289,66.66599999999988,46.99140000000024
34M,1999,7,1999-08-06,1999-10-15,70,0.2902,0.1212,471.8652,197.07119999999995
34M,1999,8,1999-08-06,1999-10-15,70,0.2294,0.0470,373.0044000000001,76.42199999999988
34M,1999,9,1999-08-06,1999-10-15,70,0.4523,0.1113,735.4398000000002,180.97379999999993
34M,1999,10,1999-08-06,1999-10-15,70,0.2921,0.0977,474.9546,158.86019999999982
34M,2000,1,2000-07-17,2000-10-13,88,0.2167,0.0292,352.3541999999998,47.47920000000018
34M,2000,2,2000-07-17,2000-10-13,88,0.5890,0.0857,957.7139999999999,139.3482000000002
34M,2000,3,2000-07-17,2000-10-13,88,0.3280,0.1365,533.3280000000004,221.94899999999976
34M,2000,4,2000-07-17,2000-10-13,88,0.1262,0.0338,205.20119999999977,54.95880000000008
34M,2000,5,2000-07-17,2000-10-13,88,0.2790,0.1523,453.6539999999999,247.63980000000015
34M,2000,6,2000-07-17,2000-10-13,88,0.6228,0.1484,1012.6727999999997,241.29839999999945
34M,2000,7,2000-07-17,2000-10-13,88,0.2510,0.1010,408.12599999999964,164.22599999999997
34M,2000,8,2000-07-17,2000-10-13,88,0.2600,0.0947,422.7600000000004,153.9279999999999
34M,2000,9,2000-07-17,2000-10-13,88,0.2070,0.0849,336.5820000000001,138.04739999999995
34M,2000,10,2000-07-17,2000-10-13,88,0.2193,0.1060,356.5818000000001,172.3559999999998
34M,2000,1,2000-07-17,2000-10-13,88,NA,NA,NA,NA
34M,2000,2,2000-07-17,2000-10-13,88,NA,NA,NA,NA
34M,2000,3,2000-07-17,2000-10-13,88,NA,NA,NA,NA
34M,2000,4,2000-07-17,2000-10-13,88,NA,NA,NA,NA
34M,2000,5,2000-07-17,2000-10-13,88,NA,NA,NA,NA
34M,2000,6,2000-07-17,2000-10-13,88,NA,NA,NA,NA
34M,2000,7,2000-07-17,2000-10-13,88,NA,NA,NA,NA
34M,2000,8,2000-07-17,2000-10-13,88,NA,NA,NA,NA
34M,2000,9,2000-07-17,2000-10-13,88,NA,NA,NA,NA
34M,2000,10,2000-07-17,2000-10-13,88,NA,NA,NA,NA
34U,1997,1,1997-08-19,1997-11-13,86,2.0976,0.1634,3410.697599999995,265.6884000000119
34U,1997,2,1997-08-19,1997-11-13,86,1.0982,0.2014,1785.6731999999954,327.47640000000507
34U,1997,3,1997-08-19,1997-11-13,86,0.1192,0.0590,193.81919999999997,95.9339999999999
34U,1997,4,1997-08-19,1997-11-13,86,1.1932,0.3572,1940.143199999992,580.8072000000046
34U,1997,5,1997-08-19,1997-11-13,86,0.1840,0.0772,299.1839999999999,125.52719999999988
34U,1997,6,1997-08-19,1997-11-13,86,1.5124,0.1748,2459.1624000000033,284.22479999999615
34U,1997,7,1997-08-19,1997-11-13,86,0.1725,0.0911,280.4849999999998,148.1286000000003
34U,1997,8,1997-08-19,1997-11-13,86,0.0313,0.0158,50.893799999999814,25.69080000000006
34U,1997,9,1997-08-19,1997-11-13,86,0.2546,0.0684,413.97960000000927,111.21839999998777
34U,1997,10,1997-08-19,1997-11-13,86,0.1952,0.0955,317.39520000000005,155.2830000000002
34U,1998,1,1998-04-28,1998-07-20,83,NA,NA,NA,NA
34U,1998,2,1998-04-28,1998-07-20,83,5.9400,0.3855,9658.440000000002,626.8229999999977
34U,1998,3,1998-04-28,1998-07-20,83,2.1817,0.3433,3547.390000000001,558.2600000000014
34U,1998,4,1998-04-28,1998-07-20,83,2.0040,0.3333,3258.5040000000013,541.9999999999981
34U,1998,5,1998-04-28,1998-07-20,83,1.5763,0.2849,2563.0405714285707,463.1777142857141
34U,1998,6,1998-04-28,1998-07-20,83,1.9975,0.3492,3247.935,567.8804999999998
34U,1998,7,1998-04-28,1998-07-20,83,2.4080,0.2930,3915.408000000001,476.4179999999995
34U,1998,8,1998-04-28,1998-07-20,83,NA,NA,NA,NA
34U,1998,9,1998-04-28,1998-07-20,83,0.0291,0.0163,47.316599999999845,26.50379999999997
34U,1998,10,1998-04-28,1998-07-20,83,NA,NA,NA,NA
34U,1998,1,1998-04-28,1998-07-20,83,0.3459,0.1600,562.3792000000007,260.16000000000014
34U,1998,2,1998-04-28,1998-07-20,83,0.3129,0.1087,508.77539999999993,176.74620000000004
34U,1998,3,1998-04-28,1998-07-20,83,0.3819,0.2093,620.9151999999999,340.376
34U,1998,4,1998-04-28,1998-07-20,83,0.0740,0.0406,120.32400000000011,66.01559999999995
34U,1998,5,1998-04-28,1998-07-20,83,0.0726,0.0392,118.0476,63.73919999999984
34U,1998,6,1998-04-28,1998-07-20,83,0.3272,0.1491,532.0272000000002,242.4365999999997
34U,1998,7,1998-04-28,1998-07-20,83,0.2652,0.1464,431.21520000000015,238.04639999999975
34U,1998,8,1998-04-28,1998-07-20,83,0.1342,0.0458,218.20919999999978,74.4708000000001
34U,1998,9,1998-04-28,1998-07-20,83,0.0836,0.0615,135.93360000000018,99.99899999999982
34U,1998,10,1998-04-28,1998-07-20,83,0.1623,0.0919,263.8997999999998,149.42940000000016
34U,1999,1,1999-05-01,1999-08-06,97,0.4528,0.3628,736.2528000000012,589.9128000000001
34U,1999,2,1999-05-01,1999-08-06,97,NA,NA,NA,NA
34U,1999,3,1999-05-01,1999-08-06,97,0.5576,0.3640,906.6575999999983,591.8640000000013
34U,1999,4,1999-05-01,1999-08-06,97,0.3504,0.1371,569.8226666666665,222.9426666666671
34U,1999,5,1999-05-01,1999-08-06,97,0.3607,0.1960,586.4440000000004,318.696000000001
34U,1999,6,1999-05-01,1999-08-06,97,0.3323,0.1206,540.2965714285718,196.04914285714293
34U,1999,7,1999-05-01,1999-08-06,97,NA,NA,NA,NA
34U,1999,8,1999-05-01,1999-08-06,97,0.1580,0.1232,256.90799999999916,200.32320000000104
34U,1999,9,1999-05-01,1999-08-06,97,0.1869,0.1240,303.82971428571386,201.6240000000005
34U,1999,10,1999-05-01,1999-08-06,97,0.3571,0.1983,580.7142857142858,322.41257142857097
34U,1999,1,1999-08-06,1999-10-15,70,1.2653,0.4493,2057.432,730.6159999999991
34U,1999,2,1999-08-06,1999-10-15,70,NA,NA,NA,NA
34U,1999,3,1999-08-06,1999-10-15,70,2.1607,0.4460,3513.243999999999,725.1960000000017
34U,1999,4,1999-08-06,1999-10-15,70,0.7122,0.1866,1158.0371999999995,303.41160000000053
34U,1999,5,1999-08-06,1999-10-15,70,1.2348,0.3596,2007.7848,584.7096000000006
34U,1999,6,1999-08-06,1999-10-15,70,0.5642,0.1942,917.3892000000001,315.7691999999999
34U,1999,7,1999-08-06,1999-10-15,70,0.6937,0.3003,1127.9019999999998,488.3420000000004
34U,1999,8,1999-08-06,1999-10-15,70,0.3768,0.1506,612.6767999999997,244.87560000000047
34U,1999,9,1999-08-06,1999-10-15,70,0.3268,0.1411,531.3768000000003,229.42859999999965
34U,1999,10,1999-08-06,1999-10-15,70,0.5024,0.1668,816.9024,271.21680000000043
34U,2000,1,2000-07-17,2000-10-13,88,0.4724,0.2898,768.1946666666671,471.17866666666606
34U,2000,2,2000-07-17,2000-10-13,88,0.6262,0.6825,1018.2824999999989,1109.7450000000022
34U,2000,3,2000-07-17,2000-10-13,88,0.3657,0.2691,594.651428571427,437.62628571428496
34U,2000,4,2000-07-17,2000-10-13,88,1.0853,0.4620,1764.7520000000006,751.2120000000012
34U,2000,5,2000-07-17,2000-10-13,88,0.2220,0.1313,360.972,213.54800000000057
34U,2000,6,2000-07-17,2000-10-13,88,0.1803,0.1057,293.16779999999983,171.86819999999986
34U,2000,7,2000-07-17,2000-10-13,88,0.1777,0.1050,288.94019999999995,170.72999999999962
34U,2000,8,2000-07-17,2000-10-13,88,0.1720,0.0696,279.6719999999999,113.16960000000016
34U,2000,9,2000-07-17,2000-10-13,88,0.2433,0.0923,395.6058000000001,150.0798000000001
34U,2000,10,2000-07-17,2000-10-13,88,0.1608,0.0993,261.46080000000006,161.4617999999999
34U,2000,1,2000-07-17,2000-10-13,88,NA,NA,NA,NA
34U,2000,2,2000-07-17,2000-10-13,88,NA,NA,NA,NA
34U,2000,3,2000-07-17,2000-10-13,88,NA,NA,NA,NA
34U,2000,4,2000-07-17,2000-10-13,88,NA,NA,NA,NA
34U,2000,5,2000-07-17,2000-10-13,88,NA,NA,NA,NA
34U,2000,6,2000-07-17,2000-10-13,88,NA,NA,NA,NA
34U,2000,7,2000-07-17,2000-10-13,88,NA,NA,NA,NA
34U,2000,8,2000-07-17,2000-10-13,88,NA,NA,NA,NA
34U,2000,9,2000-07-17,2000-10-13,88,NA,NA,NA,NA
34U,2000,10,2000-07-17,2000-10-13,88,NA,NA,NA,NA
42,1997,1,1997-08-19,1997-11-13,86,0.0145,0.0143,23.57699999999993,23.251799999999967
42,1997,2,1997-08-19,1997-11-13,86,0.0040,0.0019,6.504000000000006,3.089400000000021
42,1997,3,1997-08-19,1997-11-13,86,0.1527,0.0737,248.29020000000008,119.83620000000016
42,1997,4,1997-08-19,1997-11-13,86,0.0925,0.0455,150.40500000000003,73.98299999999979
42,1997,5,1997-08-19,1997-11-13,86,0.0341,0.0260,55.44660000000003,42.27600000000004
42,1997,6,1997-08-19,1997-11-13,86,0.0304,0.0168,49.43039999999997,27.31680000000024
42,1997,7,1997-08-19,1997-11-13,86,0.0128,0.0027,20.812799999999875,4.390200000000238
42,1997,8,1997-08-19,1997-11-13,86,0.0224,0.0042,36.42240000000032,6.82919999999997
42,1997,9,1997-08-19,1997-11-13,86,0.0887,0.0486,144.2262,79.023599999999945
42,1997,10,1997-08-19,1997-11-13,86,0.0271,0.0180,44.06459999999984,29.268000000000026
97,1998,1,1998-04-28,1998-07-20,83,0.3830,0.1424,622.758,231.54239999999976
97,1998,2,1998-04-28,1998-07-20,83,0.8898,0.1516,1446.8148000000003,246.50159999999957
97,1998,3,1998-04-28,1998-07-20,83,1.0851,0.2313,1764.3726,376.0938000000001
97,1998,4,1998-04-28,1998-07-20,83,1.9127,0.3450,3110.0501999999997,560.9699999999999
97,1998,5,1998-04-28,1998-07-20,83,0.8958,0.1613,1456.5707999999995,262.27380000000034
97,1998,6,1998-04-28,1998-07-20,83,NA,NA,NA,NA
97,1998,7,1998-04-28,1998-07-20,83,0.4727,0.1468,768.6102000000002,238.6967999999997
97,1998,8,1998-04-28,1998-07-20,83,1.0896,0.5436,1771.6896,883.8936000000009
97,1998,9,1998-04-28,1998-07-20,83,0.2802,0.0634,455.6051999999996,103.0884000000002
97,1998,10,1998-04-28,1998-07-20,83,0.3047,0.0630,495.4422000000003,102.43799999999956
97,1998,1,1998-04-28,1998-07-20,83,0.2166,0.1095,352.1916000000002,178.04699999999988
97,1998,2,1998-04-28,1998-07-20,83,0.0983,0.0737,159.8358000000001,119.8361999999998
97,1998,3,1998-04-28,1998-07-20,83,0.3821,0.2155,621.3487999999999,350.3488
97,1998,4,1998-04-28,1998-07-20,83,0.1791,0.1207,291.2166000000001,196.25820000000004
97,1998,5,1998-04-28,1998-07-20,83,0.2771,0.1645,450.5104000000004,267.53119999999944
97,1998,6,1998-04-28,1998-07-20,83,0.1584,0.1415,257.5583999999998,230.0790000000003
97,1998,7,1998-04-28,1998-07-20,83,0.1472,0.1105,239.3472,179.67300000000006
97,1998,8,1998-04-28,1998-07-20,83,0.8988,0.4784,1461.4488000000008,777.878400000001
97,1998,9,1998-04-28,1998-07-20,83,0.1210,0.0830,196.74599999999998,134.9580000000003
97,1998,10,1998-04-28,1998-07-20,83,0.0219,0.0198,35.60940000000005,32.1947999999997
97,1999,1,1999-05-01,1999-08-06,97,1.3594,0.4766,2210.4308571428573,774.9051428571422
97,1999,2,1999-05-01,1999-08-06,97,1.1704,0.5152,1903.0704000000012,837.7152000000002
97,1999,3,1999-05-01,1999-08-06,97,1.0326,0.4291,1678.9611428571416,697.7862857142874
97,1999,4,1999-05-01,1999-08-06,97,0.5005,0.2575,813.8130000000007,418.694999999999
97,1999,5,1999-05-01,1999-08-06,97,1.2544,0.5480,2039.6544000000006,891.0480000000001
97,1999,6,1999-05-01,1999-08-06,97,0.1484,0.0444,241.29840000000013,72.19439999999999
97,1999,7,1999-05-01,1999-08-06,97,1.2527,0.6280,2036.8359999999996,1021.128000000001
97,1999,8,1999-05-01,1999-08-06,97,0.3647,0.1214,593.0022,197.39640000000028
97,1999,9,1999-05-01,1999-08-06,97,0.1749,0.0672,284.38740000000007,109.26719999999987
97,1999,10,1999-05-01,1999-08-06,97,0.1469,0.0493,238.85940000000005,80.16179999999984
97,1999,1,1999-08-06,1999-10-15,70,1.6800,0.4452,2731.6799999999994,723.8951999999997
97,1999,2,1999-08-06,1999-10-15,70,0.4568,0.2248,742.7568000000001,365.52479999999946
97,1999,3,1999-08-06,1999-10-15,70,1.1556,0.3628,1879.005600000001,589.9128000000001
97,1999,4,1999-08-06,1999-10-15,70,NA,NA,NA,NA
97,1999,5,1999-08-06,1999-10-15,70,0.9492,0.3488,1543.3992000000005,567.1487999999996
97,1999,6,1999-08-06,1999-10-15,70,0.1052,0.0626,171.05519999999993,101.78759999999998
97,1999,7,1999-08-06,1999-10-15,70,1.5624,0.4452,2540.462399999999,723.8951999999997
97,1999,8,1999-08-06,1999-10-15,70,0.5408,0.0987,879.3408000000003,160.48620000000005
97,1999,9,1999-08-06,1999-10-15,70,0.1290,0.0731,209.75400000000002,118.86059999999992
97,1999,10,1999-08-06,1999-10-15,70,NA,NA,NA,NA
97,2000,1,2000-07-17,2000-10-13,88,4.8045,1.6035,7812.117000000006,2607.2910000000006
97,2000,2,2000-07-17,2000-10-13,88,0.3812,0.0654,619.8312,106.34039999999985
97,2000,3,2000-07-17,2000-10-13,88,1.5050,0.6450,2447.1300000000015,1048.77
97,2000,4,2000-07-17,2000-10-13,88,1.1880,0.5072,1931.687999999998,824.7072000000016
97,2000,5,2000-07-17,2000-10-13,88,1.0596,0.6336,1722.9096000000009,1030.2335999999991
97,2000,6,2000-07-17,2000-10-13,88,0.4229,0.2651,687.5657142857128,431.1222857142856
97,2000,7,2000-07-17,2000-10-13,88,1.2680,0.5263,2061.768,855.7405714285699
97,2000,8,2000-07-17,2000-10-13,88,2.8110,0.9530,4570.685999999999,1549.5780000000027
97,2000,9,2000-07-17,2000-10-13,88,0.3243,0.0663,527.3118000000004,107.80380000000004
97,2000,10,2000-07-17,2000-10-13,88,0.1734,0.0839,281.9484,136.42140000000015
97,2000,1,2000-07-17,2000-10-13,88,NA,NA,NA,NA
97,2000,2,2000-07-17,2000-10-13,88,NA,NA,NA,NA
97,2000,3,2000-07-17,2000-10-13,88,NA,NA,NA,NA
97,2000,4,2000-07-17,2000-10-13,88,NA,NA,NA,NA
97,2000,5,2000-07-17,2000-10-13,88,NA,NA,NA,NA
97,2000,6,2000-07-17,2000-10-13,88,NA,NA,NA,NA
97,2000,7,2000-07-17,2000-10-13,88,NA,NA,NA,NA
97,2000,8,2000-07-17,2000-10-13,88,NA,NA,NA,NA
97,2000,9,2000-07-17,2000-10-13,88,NA,NA,NA,NA
97,2000,10,2000-07-17,2000-10-13,88,NA,NA,NA,NA
98,1998,1,1998-04-28,1998-07-20,83,0.9695,0.0974,1576.4069999999997,158.37239999999989
98,1998,2,1998-04-28,1998-07-20,83,1.9992,0.2510,3250.6991999999996,408.12600000000054
98,1998,3,1998-04-28,1998-07-20,83,NA,NA,NA,NA
98,1998,4,1998-04-28,1998-07-20,83,1.4963,0.1371,2432.9295999999995,222.87040000000036
98,1998,5,1998-04-28,1998-07-20,83,2.1557,0.1597,3505.2223999999997,259.72639999999956
98,1998,6,1998-04-28,1998-07-20,83,1.5466,0.1130,2514.7716000000005,183.7379999999993
98,1998,7,1998-04-28,1998-07-20,83,NA,NA,NA,NA
98,1998,8,1998-04-28,1998-07-20,83,NA,NA,NA,NA
98,1998,9,1998-04-28,1998-07-20,83,0.6240,0.0645,1014.6239999999998,104.9312
98,1998,10,1998-04-28,1998-07-20,83,0.9114,0.1244,1481.9363999999994,202.27440000000084
98,1998,1,1998-04-28,1998-07-20,83,0.2267,0.0820,368.6142000000002,133.3320000000001
98,1998,2,1998-04-28,1998-07-20,83,0.3107,0.1001,505.1982000000003,162.76259999999976
98,1998,3,1998-04-28,1998-07-20,83,0.1077,0.0445,175.1202000000002,72.35699999999997
98,1998,4,1998-04-28,1998-07-20,83,0.1516,0.0627,246.50159999999994,101.95019999999997
98,1998,5,1998-04-28,1998-07-20,83,0.0846,0.0438,137.55960000000002,71.2188000000001
98,1998,6,1998-04-28,1998-07-20,83,0.1458,0.0481,237.07079999999988,78.21060000000007
98,1998,7,1998-04-28,1998-07-20,83,0.0763,0.0423,124.06380000000006,68.77980000000001
98,1998,8,1998-04-28,1998-07-20,83,0.0117,0.0114,19.02420000000007,18.536400000000125
98,1998,9,1998-04-28,1998-07-20,83,0.1447,0.0695,235.28220000000007,113.00699999999983
98,1998,10,1998-04-28,1998-07-20,83,0.9210,0.1653,1497.5459999999996,268.77780000000035
98,1999,1,1999-05-01,1999-08-06,97,1.2720,0.4960,2068.2720000000004,806.4960000000007
98,1999,2,1999-05-01,1999-08-06,97,0.9976,0.4248,1622.0976000000005,690.724799999999
98,1999,3,1999-05-01,1999-08-06,97,1.8320,0.7450,2978.8320000000003,1211.37
98,1999,4,1999-05-01,1999-08-06,97,1.5244,0.4876,2478.6744,792.8376000000007
98,1999,5,1999-05-01,1999-08-06,97,1.6024,0.6512,2605.502399999999,1058.8511999999987
98,1999,6,1999-05-01,1999-08-06,97,1.6749,0.3606,2723.3177142857135,586.2891428571425
98,1999,7,1999-05-01,1999-08-06,97,0.3415,0.2280,555.2790000000002,370.72800000000075
98,1999,8,1999-05-01,1999-08-06,97,0.1229,0.0298,199.83540000000002,48.45480000000008
98,1999,9,1999-05-01,1999-08-06,97,2.1216,0.6000,3449.721600000001,975.6000000000024
98,1999,10,1999-05-01,1999-08-06,97,2.2107,0.5600,3594.543999999999,910.5600000000009
98,1999,1,1999-08-06,1999-10-15,70,1.2648,0.4076,2056.5648,662.7576000000007
98,1999,2,1999-08-06,1999-10-15,70,1.5312,0.3468,2489.7312000000015,563.8968
98,1999,3,1999-08-06,1999-10-15,70,1.8332,0.4916,2980.7831999999994,799.3416
98,1999,4,1999-08-06,1999-10-15,70,2.5596,0.5268,4161.909599999999,856.5767999999995
98,1999,5,1999-08-06,1999-10-15,70,1.3548,0.4266,2202.9048,693.6516000000016
98,1999,6,1999-08-06,1999-10-15,70,3.4708,0.3916,5643.520799999999,636.7416000000006
98,1999,7,1999-08-06,1999-10-15,70,0.4042,0.1707,657.2291999999999,277.5582000000001
98,1999,8,1999-08-06,1999-10-15,70,NA,NA,NA,NA
98,1999,9,1999-08-06,1999-10-15,70,3.9444,0.3676,6413.594400000001,597.7175999999992
98,1999,10,1999-08-06,1999-10-15,70,2.1352,0.3904,3471.835199999999,634.7903999999994
98,2000,1,2000-07-17,2000-10-13,88,3.2500,0.7753,5284.499999999998,1260.6920000000027
98,2000,2,2000-07-17,2000-10-13,88,1.3340,0.2700,2169.0839999999994,439.0200000000004
98,2000,3,2000-07-17,2000-10-13,88,2.3817,0.4006,3872.6674285714294,651.3291428571432
98,2000,4,2000-07-17,2000-10-13,88,3.5176,0.7536,5719.6176,1225.353599999998
98,2000,5,2000-07-17,2000-10-13,88,1.6868,0.3082,2742.655500000001,501.2144999999988
98,2000,6,2000-07-17,2000-10-13,88,2.5848,0.5544,4202.884800000001,901.4544000000005
98,2000,7,2000-07-17,2000-10-13,88,0.6400,0.3888,1040.639999999998,632.1887999999997
98,2000,8,2000-07-17,2000-10-13,88,0.1641,0.1204,266.8266000000002,195.77039999999977
98,2000,9,2000-07-17,2000-10-13,88,14.2067,0.5247,23100.040000000005,853.107999999994
98,2000,10,2000-07-17,2000-10-13,88,0.9154,0.1671,1488.4868571428572,271.77428571428663
98,2000,1,2000-07-17,2000-10-13,88,NA,NA,NA,NA
98,2000,2,2000-07-17,2000-10-13,88,NA,NA,NA,NA
98,2000,3,2000-07-17,2000-10-13,88,NA,NA,NA,NA
98,2000,4,2000-07-17,2000-10-13,88,NA,NA,NA,NA
98,2000,5,2000-07-17,2000-10-13,88,NA,NA,NA,NA
98,2000,6,2000-07-17,2000-10-13,88,NA,NA,NA,NA
98,2000,7,2000-07-17,2000-10-13,88,NA,NA,NA,NA
98,2000,8,2000-07-17,2000-10-13,88,NA,NA,NA,NA
98,2000,9,2000-07-17,2000-10-13,88,NA,NA,NA,NA
98,2000,10,2000-07-17,2000-10-13,88,NA,NA,NA,NA
99L,1997,1,1997-08-19,1997-11-13,86,4.2370,0.1634,6889.362000000009,265.6883999999982
99L,1997,2,1997-08-19,1997-11-13,86,5.8558,0.2584,9521.530799999995,420.1584000000086
99L,1997,3,1997-08-19,1997-11-13,86,4.4156,0.2090,7179.765600000005,339.83400000000375
99L,1997,4,1997-08-19,1997-11-13,86,1.5770,0.1292,2564.2020000000057,210.07919999999055
99L,1997,5,1997-08-19,1997-11-13,86,2.1470,0.1862,3491.0219999999995,302.7611999999941
99L,1997,6,1997-08-19,1997-11-13,86,4.7614,0.2774,7742.036399999997,451.0524000000052
99L,1997,7,1997-08-19,1997-11-13,86,16.5224,0.4218,26865.422400000007,685.8467999999931
99L,1997,8,1997-08-19,1997-11-13,86,8.0902,0.6156,13154.665200000005,1000.9655999999997
99L,1997,9,1997-08-19,1997-11-13,86,4.1990,0.1900,6827.574000000002,308.9399999999934
99L,1997,10,1997-08-19,1997-11-13,86,5.3884,0.2242,8761.53840000001,364.54919999998725
99L,1998,1,1998-04-28,1998-07-20,83,9.1144,0.1028,14820.0144,167.15280000000035
99L,1998,2,1998-04-28,1998-07-20,83,15.6793,0.2247,25494.595999999998,365.30800000000454
99L,1998,3,1998-04-28,1998-07-20,83,11.5063,0.1754,18709.220571428577,285.24685714285255
99L,1998,4,1998-04-28,1998-07-20,83,15.9753,0.2293,25975.892000000003,372.89599999999933
99L,1998,5,1998-04-28,1998-07-20,83,11.5373,0.2133,18759.703999999998,346.8800000000022
99L,1998,6,1998-04-28,1998-07-20,83,7.9493,0.1827,12925.615999999998,297.01600000000053
99L,1998,7,1998-04-28,1998-07-20,83,17.0977,0.2154,27800.88342857143,350.28685714285695
99L,1998,8,1998-04-28,1998-07-20,83,10.3750,0.1865,16869.75,303.2490000000038
99L,1998,9,1998-04-28,1998-07-20,83,NA,NA,NA,NA
99L,1998,10,1998-04-28,1998-07-20,83,19.5580,0.2793,31801.308,454.19600000000054
99L,1998,1,1998-04-28,1998-07-20,83,1.6457,0.1340,2675.9082,217.88399999999984
99L,1998,2,1998-04-28,1998-07-20,83,0.7998,0.0278,1300.4747999999997,45.202800000000074
99L,1998,3,1998-04-28,1998-07-20,83,1.0689,0.0782,1738.0313999999996,127.15320000000044
99L,1998,4,1998-04-28,1998-07-20,83,1.6744,0.2030,2722.5744,330.0780000000005
99L,1998,5,1998-04-28,1998-07-20,83,1.5570,0.1254,2531.6820000000002,203.90039999999993
99L,1998,6,1998-04-28,1998-07-20,83,1.6520,0.1659,2686.1520000000005,269.69919999999917
99L,1998,7,1998-04-28,1998-07-20,83,1.9857,0.1594,3228.7481999999995,259.1844000000007
99L,1998,8,1998-04-28,1998-07-20,83,1.6754,0.1388,2724.2003999999997,225.6887999999997
99L,1998,9,1998-04-28,1998-07-20,83,2.3331,0.1395,3793.5663999999997,226.772800000001
99L,1998,10,1998-04-28,1998-07-20,83,2.3955,0.1832,3895.0288,297.88319999999896
99L,1999,1,1999-05-01,1999-08-06,97,1.1383,0.1280,1850.852571428572,208.12799999999984
99L,1999,2,1999-05-01,1999-08-06,97,1.2328,0.1464,2004.5327999999988,238.04639999999975
99L,1999,3,1999-05-01,1999-08-06,97,1.1227,0.0950,1825.4560000000001,154.46999999999852
99L,1999,4,1999-05-01,1999-08-06,97,1.5425,0.1375,2508.105,223.57499999999885
99L,1999,5,1999-05-01,1999-08-06,97,0.5003,0.0490,813.5419999999996,79.67400000000079
99L,1999,6,1999-05-01,1999-08-06,97,3.5000,0.3504,5690.999999999997,569.7504000000008
99L,1999,7,1999-05-01,1999-08-06,97,2.2560,0.1823,3668.255999999998,296.39657142857374
99L,1999,8,1999-05-01,1999-08-06,97,2.4480,0.1782,3980.448,289.78933333333487
99L,1999,9,1999-05-01,1999-08-06,97,1.9173,0.1498,3117.5840000000017,243.53866666666417
99L,1999,10,1999-05-01,1999-08-06,97,3.6410,0.2960,5920.265999999998,481.29599999999755
99L,1999,1,1999-08-06,1999-10-15,70,5.0350,0.2102,8186.91,341.7852000000006
99L,1999,2,1999-08-06,1999-10-15,70,5.7413,0.2973,9335.408000000003,483.46399999999875
99L,1999,3,1999-08-06,1999-10-15,70,3.0280,0.2280,4923.528000000002,370.72799999999745
99L,1999,4,1999-08-06,1999-10-15,70,4.1433,0.2760,6737.06,448.77599999999825
99L,1999,5,1999-08-06,1999-10-15,70,4.3233,1.3520,7029.740000000004,2198.3519999999976
99L,1999,6,1999-08-06,1999-10-15,70,NA,NA,NA,NA
99L,1999,7,1999-08-06,1999-10-15,70,5.1593,0.3313,8389.076000000003,538.7479999999955
99L,1999,8,1999-08-06,1999-10-15,70,5.5313,0.3187,8993.948000000002,518.1519999999964
99L,1999,9,1999-08-06,1999-10-15,70,5.1907,0.2760,8440.024000000001,448.77599999999967
99L,1999,10,1999-08-06,1999-10-15,70,4.8487,0.3680,7883.931999999998,598.368000000002
99L,2000,1,2000-07-17,2000-10-13,88,2.0505,0.1005,3334.1130000000007,163.41299999999896
99L,2000,2,2000-07-17,2000-10-13,88,2.8780,0.1226,4679.628,199.34760000000043
99L,2000,3,2000-07-17,2000-10-13,88,2.5404,0.1542,4130.6904,250.72920000000056
99L,2000,4,2000-07-17,2000-10-13,88,2.8250,0.2915,4593.45,473.97900000000016
99L,2000,5,2000-07-17,2000-10-13,88,7.3951,0.2947,12024.450666666668,479.1279999999993
99L,2000,6,2000-07-17,2000-10-13,88,7.7022,0.3978,12523.777199999999,646.8228000000003
99L,2000,7,2000-07-17,2000-10-13,88,8.4060,0.3980,13668.156,647.1479999999995
99L,2000,8,2000-07-17,2000-10-13,88,9.9675,0.5340,16207.154999999995,868.284000000004
99L,2000,9,2000-07-17,2000-10-13,88,5.0362,0.4260,8188.9425,692.6759999999988
99L,2000,10,2000-07-17,2000-10-13,88,NA,NA,NA,NA
99L,2000,1,2000-07-17,2000-10-13,88,NA,NA,NA,NA
99L,2000,2,2000-07-17,2000-10-13,88,NA,NA,NA,NA
99L,2000,3,2000-07-17,2000-10-13,88,NA,NA,NA,NA
99L,2000,4,2000-07-17,2000-10-13,88,NA,NA,NA,NA
99L,2000,5,2000-07-17,2000-10-13,88,NA,NA,NA,NA
99L,2000,6,2000-07-17,2000-10-13,88,NA,NA,NA,NA
99L,2000,7,2000-07-17,2000-10-13,88,NA,NA,NA,NA
99L,2000,8,2000-07-17,2000-10-13,88,NA,NA,NA,NA
99L,2000,9,2000-07-17,2000-10-13,88,NA,NA,NA,NA
99L,2000,10,2000-07-17,2000-10-13,88,NA,NA,NA,NA
99L,2001,1,2001-05-17,2001-07-24,68,0.3226,0.0119,524.5476000000003,19.349399999999676
99L,2001,2,2001-05-17,2001-07-24,68,0.6275,0.0685,1020.2607999999992,111.43520000000036
99L,2001,3,2001-05-17,2001-07-24,68,1.4428,0.1536,2345.9927999999986,249.75360000000137
99L,2001,4,2001-05-17,2001-07-24,68,1.2690,0.0942,2063.3940000000002,153.16920000000047
99L,2001,5,2001-05-17,2001-07-24,68,2.0928,0.1069,3402.8928000000005,173.8735999999989
99L,2001,6,2001-05-17,2001-07-24,68,1.4816,0.1280,2409.0816000000004,208.12800000000016
99L,2001,7,2001-05-17,2001-07-24,68,2.3228,0.1716,3776.8728,279.0215999999996
99L,2001,8,2001-05-17,2001-07-24,68,4.2644,0.2156,6933.914400000001,350.56560000000036
99L,2001,9,2001-05-17,2001-07-24,68,3.9360,0.1920,6399.9360000000015,312.1920000000003
99L,2001,10,2001-05-17,2001-07-24,68,5.8152,0.2456,9455.5152,399.34559999999937
99U,1997,1,1997-08-19,1997-11-13,86,0.2449,0.0328,398.20739999999984,53.33279999999991
99U,1997,2,1997-08-19,1997-11-13,86,0.9624,0.0769,1564.8623999999995,125.03940000000031
99U,1997,3,1997-08-19,1997-11-13,86,2.9906,0.1596,4862.7155999999995,259.50959999999884
99U,1997,4,1997-08-19,1997-11-13,86,0.3473,0.0485,564.7097999999999,78.86100000000035
99U,1997,5,1997-08-19,1997-11-13,86,0.3465,0.0072,563.4089999999997,11.707200000000157
99U,1997,6,1997-08-19,1997-11-13,86,0.5372,0.0167,873.4871999999998,27.15420000000026
99U,1997,7,1997-08-19,1997-11-13,86,0.1883,0.0289,306.17579999999987,46.99139999999988
99U,1997,8,1997-08-19,1997-11-13,86,4.2826,0.2052,6963.507600000001,333.6552000000044
99U,1997,9,1997-08-19,1997-11-13,86,10.8680,0.2736,17671.368000000002,444.87360000000587
99U,1997,10,1997-08-19,1997-11-13,86,4.1990,0.1786,6827.574000000002,290.40359999999544
99U,1998,1,1998-04-28,1998-07-20,83,27.8410,0.5150,45269.46599999999,837.3900000000009
99U,1998,2,1998-04-28,1998-07-20,83,24.4050,0.5300,39682.53,861.7799999999961
99U,1998,3,1998-04-28,1998-07-20,83,8.0057,0.3249,13017.291428571429,528.2177142857141
99U,1998,4,1998-04-28,1998-07-20,83,2.4412,0.0871,3969.44123076923,141.5870769230783
99U,1998,5,1998-04-28,1998-07-20,83,9.5682,0.1818,15557.893200000002,295.6067999999985
99U,1998,6,1998-04-28,1998-07-20,83,4.0344,0.1408,6559.934399999999,228.9408000000008
99U,1998,7,1998-04-28,1998-07-20,83,NA,NA,NA,NA
99U,1998,8,1998-04-28,1998-07-20,83,NA,NA,NA,NA
99U,1998,9,1998-04-28,1998-07-20,83,NA,NA,NA,NA
99U,1998,10,1998-04-28,1998-07-20,83,6.3400,0.1388,10308.840000000002,225.6887999999997
99U,1998,1,1998-04-28,1998-07-20,83,0.4511,0.0747,733.4886000000005,121.46219999999998
99U,1998,2,1998-04-28,1998-07-20,83,1.0597,0.2080,1723.1263999999999,338.2080000000014
99U,1998,3,1998-04-28,1998-07-20,83,1.4414,0.0830,2343.7164000000002,134.9580000000003
99U,1998,4,1998-04-28,1998-07-20,83,0.9897,0.0760,1609.2522000000001,123.57600000000012
99U,1998,5,1998-04-28,1998-07-20,83,0.8357,0.0742,1358.8482,120.64920000000043
99U,1998,6,1998-04-28,1998-07-20,83,0.4812,0.0713,782.4312000000001,115.93379999999986
99U,1998,7,1998-04-28,1998-07-20,83,0.5042,0.0943,819.8292000000004,153.33180000000007
99U,1998,8,1998-04-28,1998-07-20,83,0.7270,0.0945,1182.1019999999999,153.65700000000004
99U,1998,9,1998-04-28,1998-07-20,83,0.9489,0.0911,1542.9114000000002,148.12859999999992
99U,1998,10,1998-04-28,1998-07-20,83,0.8376,0.0874,1361.9376000000002,142.11239999999952
99U,1999,1,1999-05-01,1999-08-06,97,NA,NA,NA,NA
99U,1999,2,1999-05-01,1999-08-06,97,2.3244,0.1402,3779.4743999999996,227.96520000000015
99U,1999,3,1999-05-01,1999-08-06,97,2.5266,0.0892,4108.232470588235,145.00094117647114
99U,1999,4,1999-05-01,1999-08-06,97,2.8785,0.1561,4680.441000000001,253.81860000000057
99U,1999,5,1999-05-01,1999-08-06,97,2.3408,0.1063,3806.2092631578944,172.86947368421042
99U,1999,6,1999-05-01,1999-08-06,97,2.0144,0.1320,3275.4866666666676,214.6320000000002
99U,1999,7,1999-05-01,1999-08-06,97,4.8327,0.1382,7857.9702,224.7132000000005
99U,1999,8,1999-05-01,1999-08-06,97,3.6456,0.1936,5927.745599999998,314.79359999999997
99U,1999,9,1999-05-01,1999-08-06,97,8.2356,0.2600,13391.0856,422.7599999999997
99U,1999,10,1999-05-01,1999-08-06,97,3.5080,0.1096,5704.008000000002,178.20959999999914
99U,1999,1,1999-08-06,1999-10-15,70,5.5978,0.1776,9102.022800000002,288.77759999999995
99U,1999,2,1999-08-06,1999-10-15,70,3.6642,0.2756,5957.9892,448.12559999999974
99U,1999,3,1999-08-06,1999-10-15,70,2.1248,0.0731,3454.9247999999993,118.86060000000026
99U,1999,4,1999-08-06,1999-10-15,70,5.8290,0.3052,9477.954000000002,496.2551999999988
99U,1999,5,1999-08-06,1999-10-15,70,6.5516,0.2580,10652.901600000001,419.50799999999856
99U,1999,6,1999-08-06,1999-10-15,70,0.5134,0.0239,834.788400000002,38.861399999998966
99U,1999,7,1999-08-06,1999-10-15,70,12.1442,0.4616,19746.4692,750.5616000000011
99U,1999,8,1999-08-06,1999-10-15,70,6.9720,0.4464,11336.472,725.8464000000009
99U,1999,9,1999-08-06,1999-10-15,70,19.2123,0.3827,31239.145599999996,622.2159999999978
99U,1999,10,1999-08-06,1999-10-15,70,NA,NA,NA,NA
99U,2000,1,2000-07-17,2000-10-13,88,1.2345,0.1825,2007.2969999999991,296.7450000000016
99U,2000,2,2000-07-17,2000-10-13,88,1.3974,0.1890,2272.172399999999,307.3140000000008
99U,2000,3,2000-07-17,2000-10-13,88,0.5336,0.0463,867.5871428571417,75.26057142857248
99U,2000,4,2000-07-17,2000-10-13,88,4.4234,0.1909,7192.49485714286,310.33371428571206
99U,2000,5,2000-07-17,2000-10-13,88,3.6089,0.2978,5868.053333333334,484.186666666668
99U,2000,6,2000-07-17,2000-10-13,88,3.8184,0.2562,6208.718400000001,416.5811999999996
99U,2000,7,2000-07-17,2000-10-13,88,3.0780,0.2560,5004.828,416.2559999999974
99U,2000,8,2000-07-17,2000-10-13,88,6.5951,0.2684,10723.650666666668,436.4906666666667
99U,2000,9,2000-07-17,2000-10-13,88,6.1938,0.3588,10071.118800000002,583.4088000000007
99U,2000,10,2000-07-17,2000-10-13,88,2.2244,0.2035,3616.815272727274,330.8170909090914
99U,2000,1,2000-07-17,2000-10-13,88,NA,NA,NA,NA
99U,2000,2,2000-07-17,2000-10-13,88,NA,NA,NA,NA
99U,2000,3,2000-07-17,2000-10-13,88,NA,NA,NA,NA
99U,2000,4,2000-07-17,2000-10-13,88,NA,NA,NA,NA
99U,2000,5,2000-07-17,2000-10-13,88,NA,NA,NA,NA
99U,2000,6,2000-07-17,2000-10-13,88,NA,NA,NA,NA
99U,2000,7,2000-07-17,2000-10-13,88,NA,NA,NA,NA
99U,2000,8,2000-07-17,2000-10-13,88,NA,NA,NA,NA
99U,2000,9,2000-07-17,2000-10-13,88,NA,NA,NA,NA
99U,2000,10,2000-07-17,2000-10-13,88,NA,NA,NA,NA
99U,2001,1,2001-05-17,2001-07-24,68,0.2494,0.0571,405.5244000000001,92.84459999999989
99U,2001,2,2001-05-17,2001-07-24,68,0.4510,0.0711,733.3260000000005,115.60859999999992
99U,2001,3,2001-05-17,2001-07-24,68,0.7386,0.0846,1200.9635999999998,137.55960000000002
99U,2001,4,2001-05-17,2001-07-24,68,1.2748,0.1470,2072.743500000001,239.02199999999897
99U,2001,5,2001-05-17,2001-07-24,68,1.2178,0.0984,1980.1428,159.99839999999972
99U,2001,6,2001-05-17,2001-07-24,68,0.4304,0.0552,699.8304000000002,89.7551999999995
99U,2001,7,2001-05-17,2001-07-24,68,0.5218,0.0647,848.4468,105.20220000000032
99U,2001,8,2001-05-17,2001-07-24,68,0.4655,0.0689,756.9030000000004,112.03139999999958
99U,2001,9,2001-05-17,2001-07-24,68,0.1561,0.0422,253.81859999999983,68.61720000000003
99U,2001,10,2001-05-17,2001-07-24,68,0.7020,0.2016,1141.452,327.8016
NC,1997,1,1997-08-19,1997-11-13,86,0.0518,0.0306,84.22680000000011,49.75559999999994
NC,1997,2,1997-08-19,1997-11-13,86,0.0620,0.0530,100.81199999999973,86.17800000000025
NC,1997,3,1997-08-19,1997-11-13,86,0.0922,0.0356,149.91719999999972,57.885600000000125
NC,1997,4,1997-08-19,1997-11-13,86,0.1253,0.0376,203.7378000000003,61.137599999999765
NC,1997,5,1997-08-19,1997-11-13,86,0.0277,0.0157,45.04020000000009,25.528200000000076
NC,1997,6,1997-08-19,1997-11-13,86,NA,NA,NA,NA
NC,1997,7,1997-08-19,1997-11-13,86,0.2134,0.0407,346.98840000000007,66.17819999999993
NC,1997,8,1997-08-19,1997-11-13,86,0.0866,0.0253,140.81160000000003,41.13780000000016
NC,1997,9,1997-08-19,1997-11-13,86,0.1968,0.0630,319.9968000000001,102.43799999999992
NC,1997,10,1997-08-19,1997-11-13,86,0.0336,0.0184,54.63359999999976,29.918400000000315
