catchment,year,date_in,date_out,daysout_number,trap_number,sieve_size,inorganic_g,organic_g,organic_gperm2
33,1996,1996-07-02,1996-09-25,84,1,coarse,1.5396999999999998,3.5225,35.225
33,1996,1996-07-02,1996-09-25,84,1,fine,0.6353,1.3673000000000002,13.673000000000002
33,1996,1996-07-02,1996-09-25,84,2,coarse,1.2495999999999996,9.6395,96.395
33,1996,1996-07-02,1996-09-25,84,2,fine,1.3609999999999998,3.4627000000000008,34.62700000000001
33,1996,1996-07-02,1996-09-25,84,3,coarse,2.6241000000000003,5.585800000000001,55.858000000000004
33,1996,1996-07-02,1996-09-25,84,3,fine,2.1979999999999995,1.8749,18.749
33,1996,1996-07-02,1996-09-25,84,4,coarse,2.2144000000000004,10.3222,103.22200000000001
33,1996,1996-07-02,1996-09-25,84,4,fine,2.3054,4.3042,43.042
33,1996,1996-07-02,1996-09-25,84,5,coarse,1.2721000000000005,4.719799999999999,47.19799999999999
33,1996,1996-07-02,1996-09-25,84,5,fine,1.3037999999999998,1.7291999999999996,17.291999999999994
33,1996,1996-07-02,1996-09-25,84,6,coarse,0.44720000000000004,2.0839,20.839
33,1996,1996-07-02,1996-09-25,84,6,fine,0.9290000000000003,1.0394999999999996,10.394999999999996
33,1996,1996-09-25,1996-11-13,49,1,coarse,32.8919,13.769799999999996,137.69799999999998
33,1996,1996-09-25,1996-11-13,49,1,fine,14.5522,6.3332000000000015,63.332000000000015
33,1996,1996-09-25,1996-11-13,49,2,coarse,30.1014,40.974999999999994,409.74999999999994
33,1996,1996-09-25,1996-11-13,49,2,fine,35.426300000000005,16.750699999999995,167.50699999999995
33,1996,1996-09-25,1996-11-13,49,3,coarse,40.1449,25.0177,250.17700000000002
33,1996,1996-09-25,1996-11-13,49,3,fine,44.928599999999996,9.408500000000004,94.08500000000004
33,1996,1996-09-25,1996-11-13,49,4,coarse,NA,NA,NA
33,1996,1996-09-25,1996-11-13,49,4,fine,NA,NA,NA
33,1996,1996-09-25,1996-11-13,49,5,coarse,12.636800000000001,9.7347,97.34700000000001
33,1996,1996-09-25,1996-11-13,49,5,fine,5.9201999999999995,3.3493999999999993,33.49399999999999
33,1996,1996-09-25,1996-11-13,49,6,coarse,NA,NA,NA
33,1996,1996-09-25,1996-11-13,49,6,fine,NA,NA,NA
33,1997,1997-05-25,1997-08-18,86,1,fine,1.7500999999999998,1.2637999999999998,12.637999999999998
33,1997,1997-05-25,1997-08-18,86,1,coarse,0.9357999999999986,2.6395999999999997,26.395999999999997
33,1997,1997-05-25,1997-08-18,86,2,fine,6.7814,3.7422999999999984,37.42299999999999
33,1997,1997-05-25,1997-08-18,86,2,coarse,2.186400000000001,5.6288,56.288
33,1997,1997-05-25,1997-08-18,86,3,fine,0.5122999999999998,1.0656,10.656
33,1997,1997-05-25,1997-08-18,86,3,coarse,0.47990000000000066,3.222199999999999,32.221999999999994
33,1997,1997-05-25,1997-08-18,86,4,fine,0.6432000000000002,1.0619999999999994,10.619999999999994
33,1997,1997-05-25,1997-08-18,86,4,coarse,0.5665999999999993,2.2841000000000005,22.841000000000005
33,1997,1997-05-25,1997-08-18,86,5,fine,0.4832000000000001,0.8324000000000016,8.324000000000016
33,1997,1997-05-25,1997-08-18,86,5,coarse,0.2881,2.019,20.19
33,1997,1997-05-25,1997-08-18,86,6,fine,2.0098000000000003,1.4254999999999995,14.254999999999995
33,1997,1997-05-25,1997-08-18,86,6,coarse,1.039299999999999,2.493500000000001,24.93500000000001
33,1997,NA,1997-05-23,NA,1,fine,NA,NA,NA
33,1997,NA,1997-05-23,NA,1,coarse,NA,NA,NA
33,1997,NA,1997-05-23,NA,2,fine,8.611799999999999,6.594799999999999,65.948
33,1997,NA,1997-05-23,NA,2,coarse,7.4323,9.255799999999999,92.55799999999999
33,1997,NA,1997-05-23,NA,3,fine,44.026900000000005,21.796199999999992,217.96199999999993
33,1997,NA,1997-05-23,NA,3,coarse,13.7085,20.169399999999996,201.69399999999996
33,1997,NA,1997-05-23,NA,4,fine,61.3073,23.11420000000001,231.1420000000001
33,1997,NA,1997-05-23,NA,4,coarse,36.5445,34.81629999999999,348.1629999999999
33,1997,NA,1997-05-23,NA,5,fine,27.9484,10.933,109.33
33,1997,NA,1997-05-23,NA,5,coarse,20.326099999999997,12.000300000000005,120.00300000000004
33,1997,NA,1997-05-23,NA,6,fine,5.9144000000000005,3.1335999999999995,31.335999999999995
33,1997,NA,1997-05-23,NA,6,coarse,3.2833999999999985,2.7223000000000006,27.223000000000006
33,1997,1997-08-20,1997-11-13,86,1,fine,0.21999999999999886,0.26280000000000037,2.6280000000000037
33,1997,1997-08-20,1997-11-13,86,1,coarse,0.24259999999999948,0.928700000000001,9.28700000000001
33,1997,1997-08-20,1997-11-13,86,2,fine,0.30540000000000056,0.2552000000000003,2.552000000000003
33,1997,1997-08-20,1997-11-13,86,2,coarse,0.43900000000000006,1,10
33,1997,1997-08-20,1997-11-13,86,3,fine,0.20339999999999847,0.2455000000000016,2.455000000000016
33,1997,1997-08-20,1997-11-13,86,3,coarse,0.3686000000000007,0.5225999999999988,5.225999999999988
33,1997,1997-08-20,1997-11-13,86,4,fine,0.21199999999999974,0.39380000000000054,3.9380000000000055
33,1997,1997-08-20,1997-11-13,86,4,coarse,0.3595000000000006,0.6232999999999986,6.232999999999986
33,1997,1997-08-20,1997-11-13,86,5,fine,0.1882999999999999,0.35999999999999943,3.5999999999999943
33,1997,1997-08-20,1997-11-13,86,5,coarse,0.22269999999999968,1.4138000000000002,14.138000000000002
33,1997,1997-08-20,1997-11-13,86,6,fine,0.5277999999999992,0.3329000000000004,3.329000000000004
33,1997,1997-08-20,1997-11-13,86,6,coarse,1.0091,1.0884999999999998,10.884999999999998
33,1998,1998-04-30,1998-08-19,112,1,fine,6.068300000000001,2.7079999999999993,27.07999999999999
33,1998,1998-04-30,1998-08-19,112,1,coarse,1.7242,3.384,33.839999999999996
33,1998,1998-04-30,1998-08-19,112,2,fine,13.6617,3.6306000000000016,36.30600000000002
33,1998,1998-04-30,1998-08-19,112,2,coarse,8.409,6.3424,63.42399999999999
33,1998,1998-04-30,1998-08-19,112,3,fine,4.5969,3.1911000000000005,31.911000000000005
33,1998,1998-04-30,1998-08-19,112,3,coarse,1.2652,5.539899999999999,55.398999999999994
33,1998,1998-04-30,1998-08-19,112,4,fine,2.6320000000000006,1.8888,18.888
33,1998,1998-04-30,1998-08-19,112,4,coarse,1.0356999999999998,1.9345,19.345000000000002
33,1998,1998-04-30,1998-08-19,112,5,fine,5.6325,2.6385000000000005,26.385000000000005
33,1998,1998-04-30,1998-08-19,112,5,coarse,1.3714999999999997,4.683,46.83
33,1998,1998-04-30,1998-08-19,112,6,fine,0.19199999999999995,0.3388,3.388
33,1998,1998-04-30,1998-08-19,112,6,coarse,0.11919999999999997,0.41280000000000006,4.128
33,1998,1998-08-20,1998-10-27,69,1,fine,1.9910999999999999,1.6395999999999995,16.395999999999994
33,1998,1998-08-20,1998-10-27,69,1,coarse,0.6933,2.8330999999999995,28.330999999999996
33,1998,1998-08-20,1998-10-27,69,2,fine,2.6981,4.446399999999999,44.463999999999984
33,1998,1998-08-20,1998-10-27,69,2,coarse,1.6936,8.132899999999998,81.32899999999998
33,1998,1998-08-20,1998-10-27,69,3,fine,0.7553000000000003,0.8714,8.713999999999999
33,1998,1998-08-20,1998-10-27,69,3,coarse,0.236,1.7706000000000002,17.706000000000003
33,1998,1998-08-20,1998-10-27,69,4,fine,1.8066,1.3300999999999998,13.300999999999998
33,1998,1998-08-20,1998-10-27,69,4,coarse,0.29559999999999986,1.7848,17.848
33,1998,1998-08-20,1998-10-27,69,5,fine,0.7491999999999999,0.5106000000000002,5.106000000000002
33,1998,1998-08-20,1998-10-27,69,5,coarse,0.24520000000000008,1.094,10.940000000000001
33,1998,1998-08-20,1998-10-27,69,6,fine,2.5134999999999996,0.7143000000000006,7.143000000000006
33,1998,1998-08-20,1998-10-27,69,6,coarse,0.39580000000000015,0.8231000000000002,8.231000000000002
33,1999,NA,1999-08-12,NA,1,fine,NA,NA,NA
33,1999,NA,1999-08-12,NA,1,coarse,NA,NA,NA
33,1999,NA,1999-08-12,NA,2,fine,NA,NA,NA
33,1999,NA,1999-08-12,NA,2,coarse,NA,NA,NA
33,1999,NA,1999-08-12,NA,3,fine,NA,NA,NA
33,1999,NA,1999-08-12,NA,3,coarse,NA,NA,NA
33,1999,NA,1999-08-12,NA,4,fine,NA,NA,NA
33,1999,NA,1999-08-12,NA,4,coarse,NA,NA,NA
33,1999,NA,1999-08-12,NA,5,fine,NA,NA,NA
33,1999,NA,1999-08-12,NA,5,coarse,NA,NA,NA
33,1999,NA,1999-08-12,NA,6,fine,NA,NA,NA
33,1999,NA,1999-08-12,NA,6,coarse,NA,NA,NA
33,1999,1999-08-11,1999-10-15,66,1,fine,3.6002,2.1632999999999996,21.632999999999996
33,1999,1999-08-11,1999-10-15,66,1,coarse,5.0915,7.309099999999999,73.091
33,1999,1999-08-11,1999-10-15,66,2,fine,2.6111999999999993,0.7441000000000004,7.441000000000004
33,1999,1999-08-11,1999-10-15,66,2,coarse,1.8308,1.7660999999999998,17.660999999999998
33,1999,1999-08-11,1999-10-15,66,3,fine,1.8977000000000002,0.9722,9.722
33,1999,1999-08-11,1999-10-15,66,3,coarse,0.6799999999999997,2.0565,20.565
33,1999,1999-08-11,1999-10-15,66,4,fine,5.5081999999999995,1.889300000000001,18.89300000000001
33,1999,1999-08-11,1999-10-15,66,4,coarse,2.3757,2.4449,24.449
33,1999,1999-08-11,1999-10-15,66,5,fine,1.494,1.0004999999999995,10.004999999999995
33,1999,1999-08-11,1999-10-15,66,5,coarse,1.6709,2.4082,24.082
33,1999,1999-08-11,1999-10-15,66,6,fine,3.2375,0.8722000000000003,8.722000000000003
33,1999,1999-08-11,1999-10-15,66,6,coarse,2.3916999999999997,1.6953999999999998,16.953999999999997
33,2000,2000-05-03,2000-07-20,78,1,fine,50.991099999999996,3.1433999999999997,31.433999999999997
33,2000,2000-05-03,2000-07-20,78,1,coarse,22.7631,4.074799999999996,40.74799999999996
33,2000,2000-05-03,2000-07-20,78,2,fine,3.4151000000000007,2.3004,23.003999999999998
33,2000,2000-05-03,2000-07-20,78,2,coarse,4.6251000000000015,3.3103,33.102999999999994
33,2000,2000-05-03,2000-07-20,78,3,fine,4.1431000000000004,2.7828999999999997,27.828999999999997
33,2000,2000-05-03,2000-07-20,78,3,coarse,1.7553999999999998,4.512500000000001,45.125000000000014
33,2000,2000-05-03,2000-07-20,78,4,fine,12.4142,1.2133000000000005,12.133000000000004
33,2000,2000-05-03,2000-07-20,78,4,coarse,3.3856,1.6813000000000002,16.813000000000002
33,2000,2000-05-03,2000-07-20,78,5,fine,19.853099999999998,3.315400000000004,33.15400000000004
33,2000,2000-05-03,2000-07-20,78,5,coarse,7.0297,4.993400000000001,49.93400000000001
33,2000,2000-05-03,2000-07-20,78,6,fine,83.8549,4.224899999999991,42.24899999999991
33,2000,2000-05-03,2000-07-20,78,6,coarse,47.640299999999996,3.4428000000000054,34.428000000000054
33,2000,2000-07-20,2000-10-12,77,1,fine,3.4129000000000005,0.9950999999999999,9.950999999999999
33,2000,2000-07-20,2000-10-12,77,1,coarse,4.6831,3.0966999999999993,30.96699999999999
33,2000,2000-07-20,2000-10-12,77,2,fine,1.4800000000000002,1.0893999999999997,10.893999999999997
33,2000,2000-07-20,2000-10-12,77,2,coarse,0.5895000000000001,2.8163,28.163
33,2000,2000-07-20,2000-10-12,77,3,fine,4.5586,1.1101,11.101
33,2000,2000-07-20,2000-10-12,77,3,coarse,3.2349,2.211,22.11
33,2000,2000-07-20,2000-10-12,77,4,fine,0.9306000000000001,0.9268999999999998,9.268999999999998
33,2000,2000-07-20,2000-10-12,77,4,coarse,0.6444000000000001,2.4482999999999997,24.482999999999997
33,2000,2000-07-20,2000-10-12,77,5,fine,1.8859000000000001,1.4963999999999995,14.963999999999995
33,2000,2000-07-20,2000-10-12,77,5,coarse,0.5745999999999998,1.6737000000000002,16.737000000000002
33,2000,2000-07-20,2000-10-12,77,6,fine,1.9182,1.7142999999999995,17.142999999999994
33,2000,2000-07-20,2000-10-12,77,6,coarse,0.5410000000000001,2.9736,29.735999999999997
34L,1996,1996-07-02,1996-09-25,84,1,coarse,1.0468000000000002,5.689100000000001,56.891000000000005
34L,1996,1996-07-02,1996-09-25,84,1,fine,1.5637999999999996,2.0678,20.678
34L,1996,1996-07-02,1996-09-25,84,2,coarse,1.2171999999999996,3.8533999999999993,38.53399999999999
34L,1996,1996-07-02,1996-09-25,84,2,fine,1.4741999999999997,1.721,17.21
34L,1996,1996-07-02,1996-09-25,84,3,coarse,0.8201,0.7740999999999998,7.740999999999998
34L,1996,1996-07-02,1996-09-25,84,3,fine,0.7605,0.3640000000000003,3.6400000000000032
34L,1996,1996-07-02,1996-09-25,84,4,coarse,0.5994999999999999,3.715,37.15
34L,1996,1996-07-02,1996-09-25,84,4,fine,1.4687999999999999,1.8514999999999997,18.514999999999997
34L,1996,1996-07-02,1996-09-25,84,5,coarse,1.7227000000000001,2.4663,24.663
34L,1996,1996-07-02,1996-09-25,84,5,fine,1.1933999999999996,1.2603,12.603
34L,1996,1996-07-02,1996-09-25,84,6,coarse,0.7495999999999996,2.4204,24.204
34L,1996,1996-07-02,1996-09-25,84,6,fine,0.778,1.0187999999999997,10.187999999999997
34L,1996,1996-09-25,1996-11-13,49,1,coarse,22.843600000000002,5.098299999999998,50.98299999999998
34L,1996,1996-09-25,1996-11-13,49,1,fine,29.3439,2.171599999999998,21.71599999999998
34L,1996,1996-09-25,1996-11-13,49,2,coarse,6.400900000000001,2.2686999999999986,22.686999999999987
34L,1996,1996-09-25,1996-11-13,49,2,fine,3.8247999999999998,1.1467000000000007,11.467000000000008
34L,1996,1996-09-25,1996-11-13,49,3,coarse,NA,NA,NA
34L,1996,1996-09-25,1996-11-13,49,3,fine,NA,NA,NA
34L,1996,1996-09-25,1996-11-13,49,4,coarse,11.918000000000001,4.359499999999999,43.594999999999985
34L,1996,1996-09-25,1996-11-13,49,4,fine,16.6036,2.637599999999999,26.37599999999999
34L,1996,1996-09-25,1996-11-13,49,5,coarse,NA,NA,NA
34L,1996,1996-09-25,1996-11-13,49,5,fine,NA,NA,NA
34L,1996,1996-09-25,1996-11-13,49,6,coarse,NA,NA,NA
34L,1996,1996-09-25,1996-11-13,49,6,fine,NA,NA,NA
34L,1997,1997-05-25,1997-08-18,86,1,fine,2.0877,1.4918999999999991,14.918999999999992
34L,1997,1997-05-25,1997-08-18,86,1,coarse,1.3702000000000005,4.024800000000001,40.248000000000005
34L,1997,1997-05-25,1997-08-18,86,2,fine,9.0397,1.8567,18.567
34L,1997,1997-05-25,1997-08-18,86,2,coarse,6.0817,4.346799999999998,43.46799999999998
34L,1997,1997-05-25,1997-08-18,86,3,fine,4.389700000000001,1.7730999999999997,17.730999999999998
34L,1997,1997-05-25,1997-08-18,86,3,coarse,1.7013000000000016,3.7471999999999994,37.471999999999994
34L,1997,1997-05-25,1997-08-18,86,4,fine,1.9298000000000002,1.4643999999999997,14.643999999999997
34L,1997,1997-05-25,1997-08-18,86,4,coarse,1.3253000000000004,3.446299999999999,34.462999999999994
34L,1997,1997-05-25,1997-08-18,86,5,fine,1.536999999999999,1.4735000000000014,14.735000000000014
34L,1997,1997-05-25,1997-08-18,86,5,coarse,1.6225000000000005,3.8576,38.576
34L,1997,1997-05-25,1997-08-18,86,6,fine,9.2181,3.1041999999999987,31.041999999999987
34L,1997,1997-05-25,1997-08-18,86,6,coarse,2.6240000000000006,5.046099999999999,50.46099999999999
34L,1997,NA,1997-05-23,NA,1,fine,60.1645,6.639300000000006,66.39300000000006
34L,1997,NA,1997-05-23,NA,1,coarse,40.9014,9.4908,94.908
34L,1997,NA,1997-05-23,NA,2,fine,NA,NA,NA
34L,1997,NA,1997-05-23,NA,2,coarse,NA,NA,NA
34L,1997,NA,1997-05-23,NA,3,fine,17.4919,2.0044000000000004,20.044000000000004
34L,1997,NA,1997-05-23,NA,3,coarse,13.907,2.354800000000001,23.54800000000001
34L,1997,NA,1997-05-23,NA,4,fine,16.055500000000002,1.5264999999999986,15.264999999999986
34L,1997,NA,1997-05-23,NA,4,coarse,25.9352,1.5908000000000015,15.908000000000015
34L,1997,NA,1997-05-23,NA,5,fine,NA,NA,NA
34L,1997,NA,1997-05-23,NA,5,coarse,NA,NA,NA
34L,1997,NA,1997-05-23,NA,6,fine,12.068700000000002,0.44939999999999714,4.493999999999971
34L,1997,NA,1997-05-23,NA,6,coarse,16.5334,0.6677999999999997,6.677999999999997
34L,1997,1997-08-20,1997-11-13,86,1,fine,0.5005000000000006,0.7416999999999998,7.416999999999998
34L,1997,1997-08-20,1997-11-13,86,1,coarse,0.9479999999999986,2.3962000000000003,23.962000000000003
34L,1997,1997-08-20,1997-11-13,86,2,fine,13.869100000000001,1.2583999999999982,12.583999999999982
34L,1997,1997-08-20,1997-11-13,86,2,coarse,6.3039000000000005,5.4228000000000005,54.22800000000001
34L,1997,1997-08-20,1997-11-13,86,3,fine,NA,NA,NA
34L,1997,1997-08-20,1997-11-13,86,3,coarse,NA,NA,NA
34L,1997,1997-08-20,1997-11-13,86,4,fine,1.1523000000000003,0.5203000000000007,5.2030000000000065
34L,1997,1997-08-20,1997-11-13,86,4,coarse,0.3153000000000006,0.9421,9.421000000000001
34L,1997,1997-08-20,1997-11-13,86,5,fine,1.2619999999999987,0.3628,3.628
34L,1997,1997-08-20,1997-11-13,86,5,coarse,0.662799999999999,0.7542000000000008,7.542000000000008
34L,1997,1997-08-20,1997-11-13,86,6,fine,5.4526,1.501900000000001,15.019000000000009
34L,1997,1997-08-20,1997-11-13,86,6,coarse,1.5396999999999998,2.5195000000000007,25.195000000000007
34L,1998,1998-04-30,1998-08-19,112,1,fine,4.2282,1.3530999999999995,13.530999999999995
34L,1998,1998-04-30,1998-08-19,112,1,coarse,1.0809,1.0884999999999998,10.884999999999998
34L,1998,1998-04-30,1998-08-19,112,2,fine,6.9590000000000005,1.8121999999999987,18.121999999999986
34L,1998,1998-04-30,1998-08-19,112,2,coarse,1.0364999999999998,1.9035,19.035
34L,1998,1998-04-30,1998-08-19,112,3,fine,9.5966,1.8301999999999996,18.301999999999996
34L,1998,1998-04-30,1998-08-19,112,3,coarse,2.3771,1.9151,19.151
34L,1998,1998-04-30,1998-08-19,112,4,fine,1.4737,0.7685,7.685
34L,1998,1998-04-30,1998-08-19,112,4,coarse,0.6951999999999998,0.8783000000000003,8.783000000000003
34L,1998,1998-04-30,1998-08-19,112,5,fine,4.6541,0.9386999999999999,9.386999999999999
34L,1998,1998-04-30,1998-08-19,112,5,coarse,2.9238,0.8249000000000005,8.249000000000006
34L,1998,1998-04-30,1998-08-19,112,6,fine,1.5556999999999999,1.1801,11.800999999999998
34L,1998,1998-04-30,1998-08-19,112,6,coarse,0.7447000000000001,1.4200999999999997,14.200999999999997
34L,1998,1998-08-20,1998-10-27,69,1,fine,0.2144999999999999,0.8986,8.985999999999999
34L,1998,1998-08-20,1998-10-27,69,1,coarse,0.5932999999999997,0.2102000000000004,2.102000000000004
34L,1998,1998-08-20,1998-10-27,69,2,fine,0.8036999999999999,0.8268,8.268
34L,1998,1998-08-20,1998-10-27,69,2,coarse,0.28679999999999994,1.4053000000000002,14.053000000000003
34L,1998,1998-08-20,1998-10-27,69,3,fine,0.25449999999999995,0.5809,5.808999999999999
34L,1998,1998-08-20,1998-10-27,69,3,coarse,0.11420000000000008,0.828,8.28
34L,1998,1998-08-20,1998-10-27,69,4,fine,0.44630000000000014,0.38649999999999984,3.8649999999999984
34L,1998,1998-08-20,1998-10-27,69,4,coarse,0.17110000000000003,0.4386999999999998,4.386999999999998
34L,1998,1998-08-20,1998-10-27,69,5,fine,0.8601000000000001,0.5564,5.564
34L,1998,1998-08-20,1998-10-27,69,5,coarse,0.2976000000000001,0.5876000000000001,5.876000000000001
34L,1998,1998-08-20,1998-10-27,69,6,fine,1.1889,0.6377000000000002,6.3770000000000016
34L,1998,1998-08-20,1998-10-27,69,6,coarse,0.3030999999999999,0.5534000000000001,5.534000000000001
34L,1999,NA,1999-08-12,NA,1,fine,NA,NA,NA
34L,1999,NA,1999-08-12,NA,1,coarse,NA,NA,NA
34L,1999,NA,1999-08-12,NA,2,fine,NA,NA,NA
34L,1999,NA,1999-08-12,NA,2,coarse,NA,NA,NA
34L,1999,NA,1999-08-12,NA,3,fine,NA,NA,NA
34L,1999,NA,1999-08-12,NA,3,coarse,NA,NA,NA
34L,1999,NA,1999-08-12,NA,4,fine,NA,NA,NA
34L,1999,NA,1999-08-12,NA,4,coarse,NA,NA,NA
34L,1999,NA,1999-08-12,NA,5,fine,NA,NA,NA
34L,1999,NA,1999-08-12,NA,5,coarse,NA,NA,NA
34L,1999,NA,1999-08-12,NA,6,fine,NA,NA,NA
34L,1999,NA,1999-08-12,NA,6,coarse,NA,NA,NA
34L,1999,1999-08-11,1999-10-15,66,1,fine,11.749,1.6403,16.403000000000002
34L,1999,1999-08-11,1999-10-15,66,1,coarse,25.503499999999995,2.2162000000000006,22.162000000000006
34L,1999,1999-08-11,1999-10-15,66,2,fine,3.3198,0.7784000000000004,7.784000000000004
34L,1999,1999-08-11,1999-10-15,66,2,coarse,3.0757,1.3246000000000002,13.246000000000002
34L,1999,1999-08-11,1999-10-15,66,3,fine,0.23740000000000006,0.6692,6.692
34L,1999,1999-08-11,1999-10-15,66,3,coarse,0.20989999999999998,1.1162,11.162
34L,1999,1999-08-11,1999-10-15,66,4,fine,7.900799999999999,1.4913000000000007,14.913000000000007
34L,1999,1999-08-11,1999-10-15,66,4,coarse,4.2606,3.8141,38.141
34L,1999,1999-08-11,1999-10-15,66,5,fine,6.536800000000001,0.6274999999999995,6.274999999999995
34L,1999,1999-08-11,1999-10-15,66,5,coarse,0.6507999999999998,0.8331,8.331
34L,1999,1999-08-11,1999-10-15,66,6,fine,16.540399999999998,1.0913000000000004,10.913000000000004
34L,1999,1999-08-11,1999-10-15,66,6,coarse,8.282599999999999,1.419500000000001,14.195000000000011
34L,2000,2000-05-03,2000-07-20,78,1,fine,15.211200000000002,1.4497,14.497
34L,2000,2000-05-03,2000-07-20,78,1,coarse,6.8778,1.5522000000000018,15.522000000000018
34L,2000,2000-05-03,2000-07-20,78,2,fine,16.558799999999998,1.2134999999999998,12.134999999999998
34L,2000,2000-05-03,2000-07-20,78,2,coarse,7.7148,1.5975,15.975
34L,2000,2000-05-03,2000-07-20,78,3,fine,5.9706,2.1175000000000006,21.175000000000004
34L,2000,2000-05-03,2000-07-20,78,3,coarse,1.1979000000000002,3.354199999999999,33.541999999999994
34L,2000,2000-05-03,2000-07-20,78,4,fine,14.667399999999999,2.944699999999999,29.446999999999992
34L,2000,2000-05-03,2000-07-20,78,4,coarse,2.5650999999999993,5.163300000000001,51.63300000000001
34L,2000,2000-05-03,2000-07-20,78,5,fine,NA,NA,NA
34L,2000,2000-05-03,2000-07-20,78,5,coarse,11.8944,1.3735999999999997,13.735999999999997
34L,2000,2000-05-03,2000-07-20,78,6,fine,1.8166,1.3202,13.202
34L,2000,2000-05-03,2000-07-20,78,6,coarse,0.9561999999999999,1.3605999999999998,13.605999999999998
34L,2000,2000-07-20,2000-10-12,77,1,fine,4.6627,1.0783000000000005,10.783000000000005
34L,2000,2000-07-20,2000-10-12,77,1,coarse,5.4745,1.1586,11.586
34L,2000,2000-07-20,2000-10-12,77,2,fine,20.3924,0.6981000000000002,6.981000000000002
34L,2000,2000-07-20,2000-10-12,77,2,coarse,15.087399999999999,1.2068000000000012,12.068000000000012
34L,2000,2000-07-20,2000-10-12,77,3,fine,1.8823,0.8644000000000005,8.644000000000005
34L,2000,2000-07-20,2000-10-12,77,3,coarse,2.2816,1.5435,15.435
34L,2000,2000-07-20,2000-10-12,77,4,fine,0.6166999999999998,0.5489000000000002,5.489000000000002
34L,2000,2000-07-20,2000-10-12,77,4,coarse,1.5065,1.0835,10.834999999999999
34L,2000,2000-07-20,2000-10-12,77,5,fine,7.2722,1.1728000000000005,11.728000000000005
34L,2000,2000-07-20,2000-10-12,77,5,coarse,6.754,2.506400000000001,25.06400000000001
34L,2000,2000-07-20,2000-10-12,77,6,fine,14.608600000000001,0.47080000000000055,4.7080000000000055
34L,2000,2000-07-20,2000-10-12,77,6,coarse,13.9216,3.0317999999999987,30.317999999999987
34M,1996,1996-07-02,1996-09-25,84,1,coarse,1.2191999999999998,6.405600000000001,64.05600000000001
34M,1996,1996-07-02,1996-09-25,84,1,fine,2.7099999999999995,3.2209999999999996,32.209999999999994
34M,1996,1996-07-02,1996-09-25,84,2,coarse,0.8296000000000006,4.5916999999999994,45.916999999999994
34M,1996,1996-07-02,1996-09-25,84,2,fine,1.6636000000000002,2.0055999999999994,20.055999999999994
34M,1996,1996-07-02,1996-09-25,84,3,coarse,2.1017999999999994,10.4409,104.40899999999999
34M,1996,1996-07-02,1996-09-25,84,3,fine,5.3514,3.530900000000001,35.30900000000001
34M,1996,1996-07-02,1996-09-25,84,4,coarse,4.953000000000001,1.6361999999999988,16.361999999999988
34M,1996,1996-07-02,1996-09-25,84,4,fine,1.6955,0.9713000000000003,9.713000000000003
34M,1996,1996-07-02,1996-09-25,84,5,coarse,4.857100000000001,5.0123999999999995,50.123999999999995
34M,1996,1996-07-02,1996-09-25,84,5,fine,5.2933,2.5846,25.846
34M,1996,1996-07-02,1996-09-25,84,6,coarse,3.4275999999999995,7.529499999999999,75.29499999999999
34M,1996,1996-07-02,1996-09-25,84,6,fine,6.685600000000001,3.7372999999999994,37.37299999999999
34M,1996,1996-09-25,1996-11-13,49,1,coarse,19.655099999999997,10.554100000000002,105.54100000000003
34M,1996,1996-09-25,1996-11-13,49,1,fine,17.3709,3.936199999999999,39.36199999999999
34M,1996,1996-09-25,1996-11-13,49,2,coarse,4.2502,11.565299999999995,115.65299999999995
34M,1996,1996-09-25,1996-11-13,49,2,fine,5.0295000000000005,3.8606,38.605999999999995
34M,1996,1996-09-25,1996-11-13,49,3,coarse,NA,NA,NA
34M,1996,1996-09-25,1996-11-13,49,3,fine,NA,NA,NA
34M,1996,1996-09-25,1996-11-13,49,4,coarse,NA,NA,NA
34M,1996,1996-09-25,1996-11-13,49,4,fine,NA,NA,NA
34M,1996,1996-09-25,1996-11-13,49,5,coarse,31.153599999999997,8.9585,89.58500000000001
34M,1996,1996-09-25,1996-11-13,49,5,fine,24.8828,4.252799999999997,42.52799999999997
34M,1996,1996-09-25,1996-11-13,49,6,coarse,31.9369,5.564799999999998,55.64799999999998
34M,1996,1996-09-25,1996-11-13,49,6,fine,21.322300000000002,2.567,25.67
34M,1997,1997-05-25,1997-08-18,86,1,fine,2.774800000000001,1.2623999999999995,12.623999999999995
34M,1997,1997-05-25,1997-08-18,86,1,coarse,1.6649000000000012,3.437099999999999,34.370999999999995
34M,1997,1997-05-25,1997-08-18,86,2,fine,40.375,20.426700000000004,204.26700000000005
34M,1997,1997-05-25,1997-08-18,86,2,coarse,12.602599999999999,28.1468,281.46799999999996
34M,1997,1997-05-25,1997-08-18,86,3,fine,1.0922999999999998,0.7071000000000005,7.071000000000005
34M,1997,1997-05-25,1997-08-18,86,3,coarse,0.38979999999999926,1.857000000000001,18.57000000000001
34M,1997,1997-05-25,1997-08-18,86,4,fine,2.8735,1.564499999999999,15.644999999999989
34M,1997,1997-05-25,1997-08-18,86,4,coarse,1.3940000000000001,3.0912000000000006,30.912000000000006
34M,1997,1997-05-25,1997-08-18,86,5,fine,1.9713999999999992,0.9151000000000007,9.151000000000007
34M,1997,1997-05-25,1997-08-18,86,5,coarse,0.952,2.1708999999999996,21.708999999999996
34M,1997,1997-05-25,1997-08-18,86,6,fine,4.0097000000000005,1.9817,19.817
34M,1997,1997-05-25,1997-08-18,86,6,coarse,3.944700000000001,4.243599999999999,42.43599999999999
34M,1997,NA,1997-05-23,NA,1,fine,10.9352,2.7395999999999994,27.395999999999994
34M,1997,NA,1997-05-23,NA,1,coarse,14.349700000000002,4.484699999999997,44.846999999999966
34M,1997,NA,1997-05-23,NA,2,fine,46.3343,2.5996999999999986,25.996999999999986
34M,1997,NA,1997-05-23,NA,2,coarse,55.0582,2.7135000000000034,27.135000000000034
34M,1997,NA,1997-05-23,NA,3,fine,49.885099999999994,4.622399999999999,46.22399999999999
34M,1997,NA,1997-05-23,NA,3,coarse,80.67850000000001,5.3359999999999985,53.359999999999985
34M,1997,NA,1997-05-23,NA,4,fine,17.502899999999997,2.151500000000002,21.515000000000022
34M,1997,NA,1997-05-23,NA,4,coarse,27.4416,2.0423999999999936,20.423999999999936
34M,1997,NA,1997-05-23,NA,5,fine,32.8031,3.9521999999999977,39.52199999999998
34M,1997,NA,1997-05-23,NA,5,coarse,23.0933,3.8482999999999983,38.48299999999998
34M,1997,NA,1997-05-23,NA,6,fine,30.6724,3.8789000000000016,38.789000000000016
34M,1997,NA,1997-05-23,NA,6,coarse,22.066899999999997,4.284800000000004,42.84800000000004
34M,1997,1997-08-20,1997-11-13,86,1,fine,0.9398999999999997,0.29850000000000065,2.9850000000000065
34M,1997,1997-08-20,1997-11-13,86,1,coarse,0.7521000000000004,0.7556999999999992,7.5569999999999915
34M,1997,1997-08-20,1997-11-13,86,2,fine,13.3287,3.1214000000000013,31.214000000000013
34M,1997,1997-08-20,1997-11-13,86,2,coarse,3.732800000000001,3.251999999999999,32.51999999999999
34M,1997,1997-08-20,1997-11-13,86,3,fine,1.6884999999999994,0.18120000000000047,1.8120000000000047
34M,1997,1997-08-20,1997-11-13,86,3,coarse,1.1626000000000012,0.28559999999999874,2.8559999999999874
34M,1997,1997-08-20,1997-11-13,86,4,fine,3.7746000000000013,0.7291999999999987,7.291999999999987
34M,1997,1997-08-20,1997-11-13,86,4,coarse,3.4307999999999996,1.9383999999999997,19.383999999999997
34M,1997,1997-08-20,1997-11-13,86,5,fine,0.6963000000000008,0.3891999999999989,3.891999999999989
34M,1997,1997-08-20,1997-11-13,86,5,coarse,0.5318000000000005,0.8685999999999989,8.68599999999999
34M,1997,1997-08-20,1997-11-13,86,6,fine,0.986600000000001,0.3044999999999991,3.044999999999991
34M,1997,1997-08-20,1997-11-13,86,6,coarse,0.4159999999999986,0.3139000000000003,3.139000000000003
34M,1998,1998-04-30,1998-08-19,112,1,fine,0.8061000000000003,0.7396999999999995,7.396999999999995
34M,1998,1998-04-30,1998-08-19,112,1,coarse,0.5537999999999998,1.3289,13.289
34M,1998,1998-04-30,1998-08-19,112,2,fine,1.2133,2.3367000000000004,23.367000000000004
34M,1998,1998-04-30,1998-08-19,112,2,coarse,0.7202000000000002,3.2998999999999996,32.998999999999995
34M,1998,1998-04-30,1998-08-19,112,3,fine,4.3481000000000005,2.9502999999999995,29.502999999999993
34M,1998,1998-04-30,1998-08-19,112,3,coarse,3.0147,7.570100000000002,75.70100000000002
34M,1998,1998-04-30,1998-08-19,112,4,fine,4.9093,1.4460000000000006,14.460000000000006
34M,1998,1998-04-30,1998-08-19,112,4,coarse,1.8663999999999998,1.9756,19.756
34M,1998,1998-04-30,1998-08-19,112,5,fine,1.8377,1.2112000000000005,12.112000000000005
34M,1998,1998-04-30,1998-08-19,112,5,coarse,0.9019999999999999,2.0317,20.317
34M,1998,1998-04-30,1998-08-19,112,6,fine,1.6315,1.0463,10.463000000000001
34M,1998,1998-04-30,1998-08-19,112,6,coarse,0.6332999999999998,1.5837000000000003,15.837000000000003
34M,1998,1998-08-20,1998-10-27,69,1,fine,0.4863000000000002,0.5636000000000001,5.636000000000001
34M,1998,1998-08-20,1998-10-27,69,1,coarse,0.5509000000000002,0.7748999999999997,7.748999999999997
34M,1998,1998-08-20,1998-10-27,69,2,fine,1.5002000000000002,1.2636000000000005,12.636000000000005
34M,1998,1998-08-20,1998-10-27,69,2,coarse,0.4159999999999999,1.3208,13.208
34M,1998,1998-08-20,1998-10-27,69,3,fine,0.4258000000000002,0.6917,6.917
34M,1998,1998-08-20,1998-10-27,69,3,coarse,0.23729999999999984,1.2328,12.328
34M,1998,1998-08-20,1998-10-27,69,4,fine,0.5823999999999998,0.6196000000000002,6.1960000000000015
34M,1998,1998-08-20,1998-10-27,69,4,coarse,0.18730000000000002,1.1577999999999995,11.577999999999996
34M,1998,1998-08-20,1998-10-27,69,5,fine,0.3236000000000001,0.3788,3.7880000000000003
34M,1998,1998-08-20,1998-10-27,69,5,coarse,0.24320000000000008,0.8412000000000002,8.412000000000003
34M,1998,1998-08-20,1998-10-27,69,6,fine,0.3608,0.31989999999999985,3.1989999999999985
34M,1998,1998-08-20,1998-10-27,69,6,coarse,0.1845000000000001,0.5199,5.199
34M,1999,NA,1999-08-12,NA,1,fine,NA,NA,NA
34M,1999,NA,1999-08-12,NA,1,coarse,NA,NA,NA
34M,1999,NA,1999-08-12,NA,2,fine,NA,NA,NA
34M,1999,NA,1999-08-12,NA,2,coarse,NA,NA,NA
34M,1999,NA,1999-08-12,NA,3,fine,NA,NA,NA
34M,1999,NA,1999-08-12,NA,3,coarse,NA,NA,NA
34M,1999,NA,1999-08-12,NA,4,fine,NA,NA,NA
34M,1999,NA,1999-08-12,NA,4,coarse,NA,NA,NA
34M,1999,NA,1999-08-12,NA,5,fine,NA,NA,NA
34M,1999,NA,1999-08-12,NA,5,coarse,NA,NA,NA
34M,1999,NA,1999-08-12,NA,6,fine,NA,NA,NA
34M,1999,NA,1999-08-12,NA,6,coarse,NA,NA,NA
34M,1999,1999-08-11,1999-10-15,66,1,fine,4.374099999999999,1.1225000000000005,11.225000000000005
34M,1999,1999-08-11,1999-10-15,66,1,coarse,2.403600000000001,2.9930000000000003,29.930000000000003
34M,1999,1999-08-11,1999-10-15,66,2,fine,1.4646,1.0437,10.437000000000001
34M,1999,1999-08-11,1999-10-15,66,2,coarse,3.0402,2.0624,20.624
34M,1999,1999-08-11,1999-10-15,66,3,fine,0.3985000000000001,0.6774,6.774
34M,1999,1999-08-11,1999-10-15,66,3,coarse,0.5646999999999998,1.5678,15.678
34M,1999,1999-08-11,1999-10-15,66,4,fine,4.284,1.8767000000000005,18.767000000000003
34M,1999,1999-08-11,1999-10-15,66,4,coarse,7.9116,4.312000000000001,43.12000000000001
34M,1999,1999-08-11,1999-10-15,66,5,fine,4.3542000000000005,0.5170000000000003,5.1700000000000035
34M,1999,1999-08-11,1999-10-15,66,5,coarse,3.4367,1.0837000000000003,10.837000000000003
34M,1999,1999-08-11,1999-10-15,66,6,fine,8.2667,0.9240999999999993,9.240999999999993
34M,1999,1999-08-11,1999-10-15,66,6,coarse,3.8533,1.6997999999999998,16.997999999999998
34M,2000,2000-05-03,2000-07-20,78,1,fine,33.2344,1.6447999999999965,16.447999999999965
34M,2000,2000-05-03,2000-07-20,78,1,coarse,64.6377,4.019800000000004,40.198000000000036
34M,2000,2000-05-03,2000-07-20,78,2,fine,0.8885000000000005,0.615499999999999,6.1549999999999905
34M,2000,2000-05-03,2000-07-20,78,2,coarse,0.8323,1.7022000000000013,17.022000000000013
34M,2000,2000-05-03,2000-07-20,78,3,fine,16.4197,1.440100000000001,14.40100000000001
34M,2000,2000-05-03,2000-07-20,78,3,coarse,28.1635,1.8179000000000016,18.179000000000016
34M,2000,2000-05-03,2000-07-20,78,4,fine,6.4412,2.4212000000000007,24.212000000000007
34M,2000,2000-05-03,2000-07-20,78,4,coarse,1.7072000000000003,3.472200000000001,34.72200000000001
34M,2000,2000-05-03,2000-07-20,78,5,fine,1.5975000000000001,1.3643999999999998,13.643999999999998
34M,2000,2000-05-03,2000-07-20,78,5,coarse,0.8244000000000007,1.9547999999999988,19.547999999999988
34M,2000,2000-05-03,2000-07-20,78,6,fine,3.1438000000000006,1.3679000000000006,13.679000000000006
34M,2000,2000-05-03,2000-07-20,78,6,coarse,1.7876999999999992,2.0411,20.411
34M,2000,2000-07-20,2000-10-12,77,1,fine,1.5834000000000001,0.9175999999999996,9.175999999999997
34M,2000,2000-07-20,2000-10-12,77,1,coarse,0.8711999999999998,2.1802,21.802
34M,2000,2000-07-20,2000-10-12,77,2,fine,3.1206,1.1550000000000007,11.550000000000008
34M,2000,2000-07-20,2000-10-12,77,2,coarse,7.639399999999999,1.8685,18.685000000000002
34M,2000,2000-07-20,2000-10-12,77,3,fine,1.9715000000000003,0.8174000000000001,8.174000000000001
34M,2000,2000-07-20,2000-10-12,77,3,coarse,0.9228999999999998,1.1704000000000003,11.704000000000004
34M,2000,2000-07-20,2000-10-12,77,4,fine,2.5737,0.9726999999999997,9.726999999999997
34M,2000,2000-07-20,2000-10-12,77,4,coarse,1.0254999999999999,1.4755000000000005,14.755000000000004
34M,2000,2000-07-20,2000-10-12,77,5,fine,0.49940000000000007,0.3405,3.4050000000000002
34M,2000,2000-07-20,2000-10-12,77,5,coarse,0.7211999999999998,0.5823,5.823
34M,2000,2000-07-20,2000-10-12,77,6,fine,1.6505999999999998,0.7602000000000002,7.602000000000002
34M,2000,2000-07-20,2000-10-12,77,6,coarse,2.1588000000000003,1.4555999999999996,14.555999999999996
34U,1996,1996-07-02,1996-09-25,84,1,coarse,5.2617,3.6923,36.923
34U,1996,1996-07-02,1996-09-25,84,1,fine,3.5927000000000002,2.1648,21.648
34U,1996,1996-07-02,1996-09-25,84,2,coarse,4.8236,6.475799999999999,64.75799999999998
34U,1996,1996-07-02,1996-09-25,84,2,fine,8.7599,5.856200000000001,58.56200000000001
34U,1996,1996-07-02,1996-09-25,84,3,coarse,1.2008999999999999,3.1559999999999997,31.559999999999995
34U,1996,1996-07-02,1996-09-25,84,3,fine,2.3783,2.5994000000000006,25.994000000000007
34U,1996,1996-07-02,1996-09-25,84,4,coarse,1.3705000000000003,3.3049999999999993,33.04999999999999
34U,1996,1996-07-02,1996-09-25,84,4,fine,2.0831999999999997,2.3411,23.411
34U,1996,1996-07-02,1996-09-25,84,5,coarse,2.7211999999999996,4.192700000000001,41.927000000000014
34U,1996,1996-07-02,1996-09-25,84,5,fine,7.966799999999999,3.854600000000002,38.54600000000002
34U,1996,1996-07-02,1996-09-25,84,6,coarse,1.3354,2.5172999999999996,25.172999999999995
34U,1996,1996-07-02,1996-09-25,84,6,fine,3.1298000000000004,2.5787999999999993,25.787999999999993
34U,1996,1996-09-25,1996-11-13,49,1,coarse,10.3653,3.7169999999999983,37.16999999999998
34U,1996,1996-09-25,1996-11-13,49,1,fine,9.5847,2.823500000000001,28.23500000000001
34U,1996,1996-09-25,1996-11-13,49,2,coarse,5.738100000000001,6.793699999999999,67.937
34U,1996,1996-09-25,1996-11-13,49,2,fine,12.7553,4.133100000000001,41.331
34U,1996,1996-09-25,1996-11-13,49,3,coarse,4.0251,3.5866,35.866
34U,1996,1996-09-25,1996-11-13,49,3,fine,5.214,2.361099999999998,23.610999999999983
34U,1996,1996-09-25,1996-11-13,49,4,coarse,NA,NA,NA
34U,1996,1996-09-25,1996-11-13,49,4,fine,NA,NA,NA
34U,1996,1996-09-25,1996-11-13,49,5,coarse,26.1753,4.416299999999996,44.16299999999996
34U,1996,1996-09-25,1996-11-13,49,5,fine,19.0428,3.6062999999999974,36.062999999999974
34U,1996,1996-09-25,1996-11-13,49,6,coarse,11.078299999999999,4.2585,42.584999999999994
34U,1996,1996-09-25,1996-11-13,49,6,fine,13.4667,3.4643000000000015,34.643000000000015
34U,1997,1997-05-25,1997-08-18,86,1,fine,11.408,2.7978000000000023,27.978000000000023
34U,1997,1997-05-25,1997-08-18,86,1,coarse,10.265899999999998,4.760400000000001,47.604000000000006
34U,1997,1997-05-25,1997-08-18,86,2,fine,53.821,10.698700000000002,106.98700000000002
34U,1997,1997-05-25,1997-08-18,86,2,coarse,17.7265,13.1103,131.103
34U,1997,1997-05-25,1997-08-18,86,3,fine,132.0262,9.264299999999992,92.64299999999992
34U,1997,1997-05-25,1997-08-18,86,3,coarse,41.0868,13.5625,135.625
34U,1997,1997-05-25,1997-08-18,86,4,fine,8.7843,1.4320000000000022,14.320000000000022
34U,1997,1997-05-25,1997-08-18,86,4,coarse,17.9454,1.4171000000000014,14.171000000000014
34U,1997,1997-05-25,1997-08-18,86,5,fine,25.7641,1.4658999999999978,14.658999999999978
34U,1997,1997-05-25,1997-08-18,86,5,coarse,14.3105,2.1129,21.128999999999998
34U,1997,1997-05-25,1997-08-18,86,6,fine,1.4490999999999996,1.1439000000000004,11.439000000000004
34U,1997,1997-05-25,1997-08-18,86,6,coarse,0.5280000000000005,1.4308999999999994,14.308999999999994
34U,1997,NA,1997-05-23,NA,1,fine,43.7458,4.962599999999995,49.62599999999995
34U,1997,NA,1997-05-23,NA,1,coarse,35.9834,4.798699999999997,47.986999999999966
34U,1997,NA,1997-05-23,NA,2,fine,154.8951,10.97109999999998,109.7109999999998
34U,1997,NA,1997-05-23,NA,2,coarse,89.9499,12.256299999999996,122.56299999999996
34U,1997,NA,1997-05-23,NA,3,fine,88.8883,6.385599999999997,63.855999999999966
34U,1997,NA,1997-05-23,NA,3,coarse,24.4488,4.056899999999999,40.56899999999999
34U,1997,NA,1997-05-23,NA,4,fine,NA,NA,NA
34U,1997,NA,1997-05-23,NA,4,coarse,NA,NA,NA
34U,1997,NA,1997-05-23,NA,5,fine,33.9862,3.4806000000000026,34.806000000000026
34U,1997,NA,1997-05-23,NA,5,coarse,34.200500000000005,3.154600000000002,31.54600000000002
34U,1997,NA,1997-05-23,NA,6,fine,14.3498,2.7022000000000013,27.022000000000013
34U,1997,NA,1997-05-23,NA,6,coarse,8.696899999999998,2.4790000000000028,24.790000000000028
34U,1997,1997-08-20,1997-11-13,86,1,fine,5.636000000000001,0.654399999999999,6.54399999999999
34U,1997,1997-08-20,1997-11-13,86,1,coarse,1.1380999999999997,1.4561999999999993,14.561999999999992
34U,1997,1997-08-20,1997-11-13,86,2,fine,2.292,0.8590999999999996,8.590999999999996
34U,1997,1997-08-20,1997-11-13,86,2,coarse,0.22829999999999906,1.4825,14.825
34U,1997,1997-08-20,1997-11-13,86,3,fine,3.1043000000000003,1.4779999999999998,14.779999999999998
34U,1997,1997-08-20,1997-11-13,86,3,coarse,1.5460000000000012,1.9760999999999989,19.76099999999999
34U,1997,1997-08-20,1997-11-13,86,4,fine,0.6026000000000007,0.5131999999999994,5.131999999999994
34U,1997,1997-08-20,1997-11-13,86,4,coarse,0.5741999999999994,0.5092000000000017,5.0920000000000165
34U,1997,1997-08-20,1997-11-13,86,5,fine,0.5451000000000015,0.38249999999999845,3.8249999999999846
34U,1997,1997-08-20,1997-11-13,86,5,coarse,0.392199999999999,0.567400000000001,5.67400000000001
34U,1997,1997-08-20,1997-11-13,86,6,fine,1.6723000000000017,0.1255999999999986,1.255999999999986
34U,1997,1997-08-20,1997-11-13,86,6,coarse,1.3930000000000007,0.5817999999999994,5.817999999999994
34U,1998,1998-04-30,1998-08-19,112,1,fine,3.6586,2.7491000000000003,27.491000000000003
34U,1998,1998-04-30,1998-08-19,112,1,coarse,1.5949000000000002,3.6532,36.532
34U,1998,1998-04-30,1998-08-19,112,2,fine,4.554499999999999,3.048,30.48
34U,1998,1998-04-30,1998-08-19,112,2,coarse,1.2832999999999999,3.1628,31.628
34U,1998,1998-04-30,1998-08-19,112,3,fine,6.0443999999999996,3.1687000000000003,31.687000000000005
34U,1998,1998-04-30,1998-08-19,112,3,coarse,2.6641,3.8121,38.121
34U,1998,1998-04-30,1998-08-19,112,4,fine,7.215,3.7227,37.227000000000004
34U,1998,1998-04-30,1998-08-19,112,4,coarse,2.7659999999999996,3.8445,38.445
34U,1998,1998-04-30,1998-08-19,112,5,fine,2.1125999999999996,2.1608,21.608
34U,1998,1998-04-30,1998-08-19,112,5,coarse,0.8472999999999999,3.4715,34.714999999999996
34U,1998,1998-04-30,1998-08-19,112,6,fine,1.875,1.0358000000000005,10.358000000000004
34U,1998,1998-04-30,1998-08-19,112,6,coarse,0.9314000000000002,1.5249,15.248999999999999
34U,1998,1998-08-20,1998-10-27,69,1,fine,1.1524999999999999,0.9666999999999999,9.666999999999998
34U,1998,1998-08-20,1998-10-27,69,1,coarse,0.4446000000000001,1.8110999999999997,18.110999999999997
34U,1998,1998-08-20,1998-10-27,69,2,fine,0.48719999999999986,0.5192000000000001,5.192000000000001
34U,1998,1998-08-20,1998-10-27,69,2,coarse,0.10560000000000014,0.6527000000000001,6.527000000000001
34U,1998,1998-08-20,1998-10-27,69,3,fine,0.8336000000000001,1.0903999999999998,10.903999999999998
34U,1998,1998-08-20,1998-10-27,69,3,coarse,0.3023,1.6365,16.365000000000002
34U,1998,1998-08-20,1998-10-27,69,4,fine,1.4865000000000002,1.0911999999999995,10.911999999999995
34U,1998,1998-08-20,1998-10-27,69,4,coarse,0.3978999999999999,1.3918,13.918
34U,1998,1998-08-20,1998-10-27,69,5,fine,0.8697999999999999,1.1419,11.418999999999999
34U,1998,1998-08-20,1998-10-27,69,5,coarse,0.38160000000000016,1.668,16.68
34U,1998,1998-08-20,1998-10-27,69,6,fine,0.2238,0.2057,2.057
34U,1998,1998-08-20,1998-10-27,69,6,coarse,0.12440000000000007,0.5063,5.063
34U,1999,NA,1999-08-12,NA,1,fine,NA,NA,NA
34U,1999,NA,1999-08-12,NA,1,coarse,NA,NA,NA
34U,1999,NA,1999-08-12,NA,2,fine,NA,NA,NA
34U,1999,NA,1999-08-12,NA,2,coarse,NA,NA,NA
34U,1999,NA,1999-08-12,NA,3,fine,0.5126,1.0145,10.145
34U,1999,NA,1999-08-12,NA,3,coarse,0.2487999999999999,1.1023999999999998,11.023999999999997
34U,1999,NA,1999-08-12,NA,4,fine,0.1382000000000001,0.26770000000000005,2.6770000000000005
34U,1999,NA,1999-08-12,NA,4,coarse,0.05889999999999995,0.32400000000000007,3.2400000000000007
34U,1999,NA,1999-08-12,NA,5,fine,0.08319999999999994,0.222,2.22
34U,1999,NA,1999-08-12,NA,5,coarse,0.03890000000000016,0.2609999999999999,2.609999999999999
34U,1999,NA,1999-08-12,NA,6,fine,0.12050000000000005,0.28669999999999973,2.8669999999999973
34U,1999,NA,1999-08-12,NA,6,coarse,0.10740000000000016,0.36699999999999977,3.6699999999999977
34U,1999,1999-08-11,1999-10-15,66,1,fine,2.5703000000000005,1.6857999999999995,16.857999999999997
34U,1999,1999-08-11,1999-10-15,66,1,coarse,1.2906,2.7900000000000005,27.900000000000006
34U,1999,1999-08-11,1999-10-15,66,2,fine,0.9716,1.7958999999999996,17.958999999999996
34U,1999,1999-08-11,1999-10-15,66,2,coarse,0.5114000000000001,4.0314,40.31399999999999
34U,1999,1999-08-11,1999-10-15,66,3,fine,11.6156,3.384599999999999,33.84599999999999
34U,1999,1999-08-11,1999-10-15,66,3,coarse,6.0259,7.252300000000002,72.52300000000002
34U,1999,1999-08-11,1999-10-15,66,4,fine,3.36,1.1246,11.246
34U,1999,1999-08-11,1999-10-15,66,4,coarse,1.9243000000000001,1.533,15.329999999999998
34U,1999,1999-08-11,1999-10-15,66,5,fine,0.9239999999999999,0.7485,7.485
34U,1999,1999-08-11,1999-10-15,66,5,coarse,1.0778,2.0357,20.357
34U,1999,1999-08-11,1999-10-15,66,6,fine,1.3498000000000001,0.8321,8.321
34U,1999,1999-08-11,1999-10-15,66,6,coarse,NA,NA,NA
34U,2000,2000-05-03,2000-07-20,78,1,fine,25.557900000000004,1.7261999999999986,17.261999999999986
34U,2000,2000-05-03,2000-07-20,78,1,coarse,16.3213,2.6173,26.173000000000002
34U,2000,2000-05-03,2000-07-20,78,2,fine,87.7562,6.744599999999991,67.44599999999991
34U,2000,2000-05-03,2000-07-20,78,2,coarse,24.3571,6.092700000000001,60.92700000000001
34U,2000,2000-05-03,2000-07-20,78,3,fine,6.0336,2.597199999999999,25.97199999999999
34U,2000,2000-05-03,2000-07-20,78,3,coarse,11.1853,0.1609999999999978,1.6099999999999781
34U,2000,2000-05-03,2000-07-20,78,4,fine,24.901599999999995,0.5991,5.991
34U,2000,2000-05-03,2000-07-20,78,4,coarse,108.4315,1.730000000000004,17.30000000000004
34U,2000,2000-05-03,2000-07-20,78,5,fine,33.7155,1.6372999999999962,16.372999999999962
34U,2000,2000-05-03,2000-07-20,78,5,coarse,83.61359999999999,2.81880000000001,28.188000000000102
34U,2000,2000-05-03,2000-07-20,78,6,fine,23.104,3.0199,30.198999999999998
34U,2000,2000-05-03,2000-07-20,78,6,coarse,15.168199999999999,4.3886,43.886
34U,2000,2000-07-20,2000-10-12,77,1,fine,19.114,0.4164999999999992,4.164999999999992
34U,2000,2000-07-20,2000-10-12,77,1,coarse,10.249100000000002,2.6651999999999987,26.651999999999987
34U,2000,2000-07-20,2000-10-12,77,2,fine,17.290499999999998,3.5062000000000033,35.06200000000003
34U,2000,2000-07-20,2000-10-12,77,2,coarse,10.2803,3.8207999999999984,38.207999999999984
34U,2000,2000-07-20,2000-10-12,77,3,fine,23.4506,3.2124999999999986,32.124999999999986
34U,2000,2000-07-20,2000-10-12,77,3,coarse,8.149399999999998,5.322800000000001,53.22800000000001
34U,2000,2000-07-20,2000-10-12,77,4,fine,9.418399999999998,1.4822000000000024,14.822000000000024
34U,2000,2000-07-20,2000-10-12,77,4,coarse,22.2345,3.8501999999999974,38.501999999999974
34U,2000,2000-07-20,2000-10-12,77,5,fine,1.3934999999999995,0.7491000000000003,7.491000000000003
34U,2000,2000-07-20,2000-10-12,77,5,coarse,1.1727000000000007,1.9948999999999997,19.948999999999998
34U,2000,2000-07-20,2000-10-12,77,6,fine,3.054400000000001,1.9353,19.353
34U,2000,2000-07-20,2000-10-12,77,6,coarse,4.128299999999999,1.0021000000000004,10.021000000000004
42,1996,1996-07-02,1996-09-25,84,1,coarse,1.2871000000000001,6.636699999999999,66.36699999999999
42,1996,1996-07-02,1996-09-25,84,1,fine,4.184100000000001,4.1594999999999995,41.595
42,1996,1996-07-02,1996-09-25,84,2,coarse,1.9188,1.9116,19.116
42,1996,1996-07-02,1996-09-25,84,2,fine,1.4947000000000004,1.225899999999999,12.258999999999991
42,1996,1996-07-02,1996-09-25,84,3,coarse,1.7654999999999998,4.677600000000002,46.77600000000002
42,1996,1996-07-02,1996-09-25,84,3,fine,3.6923999999999997,2.6484,26.484
42,1996,1996-07-02,1996-09-25,84,4,coarse,3.8378,6.936400000000001,69.364
42,1996,1996-07-02,1996-09-25,84,4,fine,9.0023,4.533999999999999,45.33999999999999
42,1996,1996-07-02,1996-09-25,84,5,coarse,12.709499999999998,10.0116,100.116
42,1996,1996-07-02,1996-09-25,84,5,fine,16.3173,6.183100000000003,61.83100000000003
42,1996,1996-07-02,1996-09-25,84,6,coarse,2.186,8.872,88.72
42,1996,1996-07-02,1996-09-25,84,6,fine,3.1046,4.4297,44.297000000000004
42,1996,1996-09-25,1996-11-13,49,1,coarse,NA,NA,NA
42,1996,1996-09-25,1996-11-13,49,1,fine,NA,NA,NA
42,1996,1996-09-25,1996-11-13,49,2,coarse,NA,NA,NA
42,1996,1996-09-25,1996-11-13,49,2,fine,NA,NA,NA
42,1996,1996-09-25,1996-11-13,49,3,coarse,NA,NA,NA
42,1996,1996-09-25,1996-11-13,49,3,fine,5.400899999999999,1.786900000000001,17.86900000000001
42,1996,1996-09-25,1996-11-13,49,4,coarse,6.437099999999999,3.4084000000000003,34.084
42,1996,1996-09-25,1996-11-13,49,4,fine,7.639100000000001,2.0587999999999997,20.587999999999997
42,1996,1996-09-25,1996-11-13,49,5,coarse,NA,NA,NA
42,1996,1996-09-25,1996-11-13,49,5,fine,7.4611,2.502699999999999,25.02699999999999
42,1996,1996-09-25,1996-11-13,49,6,coarse,53.8522,3.5955000000000013,35.95500000000001
42,1996,1996-09-25,1996-11-13,49,6,fine,21.029,3.2211999999999996,32.211999999999996
42,1997,1997-05-25,1997-08-18,86,1,fine,0.6788000000000007,0.5808,5.808
42,1997,1997-05-25,1997-08-18,86,1,coarse,0.6892999999999994,1.1791,11.791
42,1997,1997-05-25,1997-08-18,86,2,fine,1.6590000000000007,0.8773999999999996,8.773999999999996
42,1997,1997-05-25,1997-08-18,86,2,coarse,0.900500000000001,1.5081999999999989,15.081999999999988
42,1997,1997-05-25,1997-08-18,86,3,fine,13.4567,2.4755000000000003,24.755000000000003
42,1997,1997-05-25,1997-08-18,86,3,coarse,8.404800000000002,4.5798999999999985,45.798999999999985
42,1997,1997-05-25,1997-08-18,86,4,fine,3.759599999999999,0.8338999999999999,8.338999999999999
42,1997,1997-05-25,1997-08-18,86,4,coarse,4.9833,1.3425000000000011,13.425000000000011
42,1997,1997-05-25,1997-08-18,86,5,fine,2.2203999999999997,0.5504999999999995,5.5049999999999955
42,1997,1997-05-25,1997-08-18,86,5,coarse,3.2859999999999996,1.0313,10.313
42,1997,1997-05-25,1997-08-18,86,6,fine,12.259099999999998,1.7966000000000015,17.966000000000015
42,1997,1997-05-25,1997-08-18,86,6,coarse,2.6532,2.9893,29.893
42,1997,NA,1997-05-23,NA,1,fine,NA,NA,NA
42,1997,NA,1997-05-23,NA,1,coarse,NA,NA,NA
42,1997,NA,1997-05-23,NA,2,fine,28.2511,3.8866999999999976,38.866999999999976
42,1997,NA,1997-05-23,NA,2,coarse,74.97699999999999,4.392099999999999,43.92099999999999
42,1997,NA,1997-05-23,NA,3,fine,21.8399,8.503699999999998,85.03699999999998
42,1997,NA,1997-05-23,NA,3,coarse,7.6289,6.267700000000001,62.677000000000014
42,1997,NA,1997-05-23,NA,4,fine,7.030899999999999,3.527899999999999,35.27899999999999
42,1997,NA,1997-05-23,NA,4,coarse,15.1869,3.7280999999999977,37.28099999999998
42,1997,NA,1997-05-23,NA,5,fine,18.6045,2.529900000000002,25.299000000000017
42,1997,NA,1997-05-23,NA,5,coarse,47.6926,2.3902,23.902
42,1997,NA,1997-05-23,NA,6,fine,24.6417,3.876899999999999,38.76899999999999
42,1997,NA,1997-05-23,NA,6,coarse,57.770799999999994,3.2072000000000003,32.072
42,1997,1997-08-20,1997-11-13,86,1,fine,0.2784999999999993,0.12909999999999933,1.2909999999999933
42,1997,1997-08-20,1997-11-13,86,1,coarse,0.09579999999999878,0.49859999999999965,4.985999999999996
42,1997,1997-08-20,1997-11-13,86,2,fine,NA,NA,NA
42,1997,1997-08-20,1997-11-13,86,2,coarse,0.16029999999999944,0.3943000000000012,3.943000000000012
42,1997,1997-08-20,1997-11-13,86,3,fine,0.22660000000000124,0.32699999999999996,3.2699999999999996
42,1997,1997-08-20,1997-11-13,86,3,coarse,0.23140000000000072,0.5917999999999992,5.917999999999992
42,1997,1997-08-20,1997-11-13,86,4,fine,1.238100000000001,0.2928999999999995,2.928999999999995
42,1997,1997-08-20,1997-11-13,86,4,coarse,1.9848999999999997,0.4621000000000013,4.621000000000013
42,1997,1997-08-20,1997-11-13,86,5,fine,95.5549,2.7749999999999915,27.749999999999915
42,1997,1997-08-20,1997-11-13,86,5,coarse,90.8622,3.1828000000000003,31.828000000000003
42,1997,1997-08-20,1997-11-13,86,6,fine,0.6401000000000003,0.27389999999999937,2.7389999999999937
42,1997,1997-08-20,1997-11-13,86,6,coarse,0.3559000000000001,0.7339000000000001,7.339000000000001
97,1998,1998-04-30,1998-08-19,112,1,fine,3.0359,2.4813,24.813000000000002
97,1998,1998-04-30,1998-08-19,112,1,coarse,1.828,4.3139,43.139
97,1998,1998-04-30,1998-08-19,112,2,fine,1.8712000000000002,1.3128999999999995,13.128999999999994
97,1998,1998-04-30,1998-08-19,112,2,coarse,0.6746000000000001,2.4368,24.368
97,1998,1998-04-30,1998-08-19,112,3,fine,0.6497999999999999,0.8944,8.943999999999999
97,1998,1998-04-30,1998-08-19,112,3,coarse,0.2650999999999999,1.4037000000000002,14.037000000000003
97,1998,1998-04-30,1998-08-19,112,4,fine,2.8766000000000003,1.7874,17.874000000000002
97,1998,1998-04-30,1998-08-19,112,4,coarse,1.2987,2.7929999999999997,27.929999999999996
97,1998,1998-04-30,1998-08-19,112,5,fine,3.4482999999999997,3.5055999999999994,35.056
97,1998,1998-04-30,1998-08-19,112,5,coarse,1.4937,4.4847,44.847
97,1998,1998-04-30,1998-08-19,112,6,fine,3.9304000000000006,3.1362999999999994,31.362999999999992
97,1998,1998-04-30,1998-08-19,112,6,coarse,1.94,4.848300000000001,48.48300000000001
97,1998,1998-08-20,1998-10-27,69,1,fine,0.4923000000000002,0.7493999999999997,7.493999999999997
97,1998,1998-08-20,1998-10-27,69,1,coarse,0.32620000000000005,1.2704,12.704
97,1998,1998-08-20,1998-10-27,69,2,fine,6.6615,5.3748999999999985,53.74899999999998
97,1998,1998-08-20,1998-10-27,69,2,coarse,2.1129999999999995,5.5458,55.458
97,1998,1998-08-20,1998-10-27,69,3,fine,NA,NA,NA
97,1998,1998-08-20,1998-10-27,69,3,coarse,0.17320000000000002,0.6055999999999999,6.055999999999999
97,1998,1998-08-20,1998-10-27,69,4,fine,0.2920999999999998,0.1654,1.654
97,1998,1998-08-20,1998-10-27,69,4,coarse,0.11040000000000005,0.5815000000000001,5.815000000000001
97,1998,1998-08-20,1998-10-27,69,5,fine,0.15660000000000007,0.25149999999999983,2.5149999999999983
97,1998,1998-08-20,1998-10-27,69,5,coarse,0.10819999999999985,0.7281000000000002,7.281000000000002
97,1998,1998-08-20,1998-10-27,69,6,fine,0.04279999999999995,0.14890000000000003,1.4890000000000003
97,1998,1998-08-20,1998-10-27,69,6,coarse,0.038799999999999946,0.3741000000000001,3.741000000000001
97,1999,NA,1999-08-12,NA,1,fine,0.6508999999999998,1.3535,13.535
97,1999,NA,1999-08-12,NA,1,coarse,0.3307,1.9484,19.483999999999998
97,1999,NA,1999-08-12,NA,2,fine,2.5784000000000002,4.301500000000001,43.01500000000001
97,1999,NA,1999-08-12,NA,2,coarse,0.8178000000000001,3.2127,32.126999999999995
97,1999,NA,1999-08-12,NA,3,fine,0.11189999999999989,0.2645000000000002,2.645000000000002
97,1999,NA,1999-08-12,NA,3,coarse,0.09230000000000005,0.6315,6.3149999999999995
97,1999,NA,1999-08-12,NA,4,fine,3.101,0.8857999999999997,8.857999999999997
97,1999,NA,1999-08-12,NA,4,coarse,1.7175999999999998,0.9908000000000001,9.908000000000001
97,1999,NA,1999-08-12,NA,5,fine,1.0246000000000002,0.9863,9.863
97,1999,NA,1999-08-12,NA,5,coarse,0.3427,0.9282000000000001,9.282000000000002
97,1999,NA,1999-08-12,NA,6,fine,0.6652,0.8736000000000002,8.736
97,1999,NA,1999-08-12,NA,6,coarse,0.28859999999999997,1.3532000000000002,13.532000000000002
97,1999,1999-08-11,1999-10-15,66,1,fine,0.8147,1.6980000000000004,16.980000000000004
97,1999,1999-08-11,1999-10-15,66,1,coarse,0.7991000000000001,0.9112999999999999,9.113
97,1999,1999-08-11,1999-10-15,66,2,fine,2.176499999999999,6.416400000000001,64.16400000000002
97,1999,1999-08-11,1999-10-15,66,2,coarse,3.7236000000000002,3.7409,37.409
97,1999,1999-08-11,1999-10-15,66,3,fine,0.06710000000000016,0.3846999999999998,3.846999999999998
97,1999,1999-08-11,1999-10-15,66,3,coarse,0.3929,0.3955,3.955
97,1999,1999-08-11,1999-10-15,66,4,fine,3.4804999999999997,0.4536000000000006,4.536000000000006
97,1999,1999-08-11,1999-10-15,66,4,coarse,1.3850999999999998,0.5072000000000001,5.072000000000001
97,1999,1999-08-11,1999-10-15,66,5,fine,1.7033999999999998,1.0388000000000002,10.388000000000002
97,1999,1999-08-11,1999-10-15,66,5,coarse,0.6896,2.3697999999999997,23.697999999999997
97,1999,1999-08-11,1999-10-15,66,6,fine,3.0250999999999997,1.0427,10.427
97,1999,1999-08-11,1999-10-15,66,6,coarse,3.2599,2.3927999999999994,23.927999999999994
97,2000,2000-05-03,2000-07-20,78,1,fine,8.618899999999998,2.759800000000002,27.59800000000002
97,2000,2000-05-03,2000-07-20,78,1,coarse,15.291400000000001,6.693199999999999,66.93199999999999
97,2000,2000-05-03,2000-07-20,78,2,fine,6.5283999999999995,6.389999999999999,63.89999999999999
97,2000,2000-05-03,2000-07-20,78,2,coarse,3.2993000000000006,11.4292,114.292
97,2000,2000-05-03,2000-07-20,78,3,fine,1.8989000000000011,1.8065999999999995,18.065999999999995
97,2000,2000-05-03,2000-07-20,78,3,coarse,4.7431,4.130599999999999,41.306
97,2000,2000-05-03,2000-07-20,78,4,fine,64.4246,8.040199999999999,80.40199999999999
97,2000,2000-05-03,2000-07-20,78,4,coarse,29.481099999999998,11.5886,115.886
97,2000,2000-05-03,2000-07-20,78,5,fine,47.3249,4.209500000000006,42.095000000000056
97,2000,2000-05-03,2000-07-20,78,5,coarse,3.7683,4.8111,48.111
97,2000,2000-05-03,2000-07-20,78,6,fine,41.9751,7.369100000000003,73.69100000000003
97,2000,2000-05-03,2000-07-20,78,6,coarse,19.9248,12.8079,128.079
97,2000,2000-07-20,2000-10-12,77,1,fine,2.9171000000000014,1.9913999999999987,19.913999999999987
97,2000,2000-07-20,2000-10-12,77,1,coarse,3.0245999999999995,2.8945000000000007,28.945000000000007
97,2000,2000-07-20,2000-10-12,77,2,fine,10.0677,4.156099999999999,41.560999999999986
97,2000,2000-07-20,2000-10-12,77,2,coarse,5.127699999999999,7.4186,74.18599999999999
97,2000,2000-07-20,2000-10-12,77,3,fine,0.9847000000000001,1.0035999999999987,10.035999999999987
97,2000,2000-07-20,2000-10-12,77,3,coarse,1.4347999999999992,2.1663000000000014,21.663000000000014
97,2000,2000-07-20,2000-10-12,77,4,fine,8.2893,1.5653999999999968,15.653999999999968
97,2000,2000-07-20,2000-10-12,77,4,coarse,5.146000000000001,2.666399999999999,26.66399999999999
97,2000,2000-07-20,2000-10-12,77,5,fine,3.924199999999999,1.7073,17.073
97,2000,2000-07-20,2000-10-12,77,5,coarse,1.630700000000001,2.6689999999999987,26.689999999999987
97,2000,2000-07-20,2000-10-12,77,6,fine,7.812099999999999,1.184300000000002,11.84300000000002
97,2000,2000-07-20,2000-10-12,77,6,coarse,7.100100000000001,3.247,32.47
98,1998,1998-04-30,1998-08-19,112,1,fine,5.4133000000000004,1.8073999999999997,18.073999999999998
98,1998,1998-04-30,1998-08-19,112,1,coarse,1.7890000000000001,2.3907999999999996,23.907999999999994
98,1998,1998-04-30,1998-08-19,112,2,fine,9.4393,3.670500000000001,36.70500000000001
98,1998,1998-04-30,1998-08-19,112,2,coarse,4.8133,5.9994,59.994
98,1998,1998-04-30,1998-08-19,112,3,fine,2.0796,1.4997299999999996,14.997299999999996
98,1998,1998-04-30,1998-08-19,112,3,coarse,1.4683,2.7134000000000005,27.134000000000004
98,1998,1998-04-30,1998-08-19,112,4,fine,1.0147999999999997,0.8281,8.280999999999999
98,1998,1998-04-30,1998-08-19,112,4,coarse,0.5327,1.1579000000000002,11.579
98,1998,1998-04-30,1998-08-19,112,5,fine,2.0183,1.7700000000000005,17.700000000000003
98,1998,1998-04-30,1998-08-19,112,5,coarse,1.0963999999999998,2.4316000000000004,24.316000000000003
98,1998,1998-04-30,1998-08-19,112,6,fine,10.0166,3.9135999999999993,39.135999999999996
98,1998,1998-04-30,1998-08-19,112,6,coarse,4.3976999999999995,4.317000000000001,43.17000000000001
98,1998,1998-08-20,1998-10-27,69,1,fine,0.10619999999999985,0.19840000000000013,1.9840000000000013
98,1998,1998-08-20,1998-10-27,69,1,coarse,0.10670000000000002,0.4043000000000001,4.043000000000001
98,1998,1998-08-20,1998-10-27,69,2,fine,0.4101999999999997,1.6767000000000003,16.767000000000003
98,1998,1998-08-20,1998-10-27,69,2,coarse,0.2639,2.4696999999999996,24.696999999999996
98,1998,1998-08-20,1998-10-27,69,3,fine,0.3560000000000001,0.7601999999999997,7.601999999999997
98,1998,1998-08-20,1998-10-27,69,3,coarse,0.22429999999999994,1.5266000000000002,15.266000000000002
98,1998,1998-08-20,1998-10-27,69,4,fine,0.11380000000000012,0.6122999999999998,6.1229999999999984
98,1998,1998-08-20,1998-10-27,69,4,coarse,0.1387999999999998,1.2583000000000002,12.583000000000002
98,1998,1998-08-20,1998-10-27,69,5,fine,1.3342999999999998,3.3433000000000006,33.43300000000001
98,1998,1998-08-20,1998-10-27,69,5,coarse,2.4507000000000003,1.3964,13.964
98,1998,1998-08-20,1998-10-27,69,6,fine,2.1603,2.8193,28.193
98,1998,1998-08-20,1998-10-27,69,6,coarse,1.2938000000000003,3.365,33.650000000000006
98,1999,NA,1999-08-12,NA,1,fine,NA,NA,NA
98,1999,NA,1999-08-12,NA,1,coarse,NA,NA,NA
98,1999,NA,1999-08-12,NA,2,fine,NA,NA,NA
98,1999,NA,1999-08-12,NA,2,coarse,NA,NA,NA
98,1999,NA,1999-08-12,NA,3,fine,NA,NA,NA
98,1999,NA,1999-08-12,NA,3,coarse,NA,NA,NA
98,1999,NA,1999-08-12,NA,4,fine,NA,NA,NA
98,1999,NA,1999-08-12,NA,4,coarse,NA,NA,NA
98,1999,NA,1999-08-12,NA,5,fine,NA,NA,NA
98,1999,NA,1999-08-12,NA,5,coarse,NA,NA,NA
98,1999,NA,1999-08-12,NA,6,fine,NA,NA,NA
98,1999,NA,1999-08-12,NA,6,coarse,NA,NA,NA
98,1999,1999-08-11,1999-10-15,66,1,fine,1.1389999999999998,1.8638000000000003,18.638000000000005
98,1999,1999-08-11,1999-10-15,66,1,coarse,0.7202,2.8216,28.216
98,1999,1999-08-11,1999-10-15,66,2,fine,4.2118,6.839400000000001,68.394
98,1999,1999-08-11,1999-10-15,66,2,coarse,3.1698000000000004,15.7227,157.227
98,1999,1999-08-11,1999-10-15,66,3,fine,0.399,0.33410000000000006,3.3410000000000006
98,1999,1999-08-11,1999-10-15,66,3,coarse,0.3983000000000001,0.5954000000000002,5.9540000000000015
98,1999,1999-08-11,1999-10-15,66,4,fine,0.9588999999999999,1.0809000000000002,10.809000000000001
98,1999,1999-08-11,1999-10-15,66,4,coarse,0.30769999999999986,1.4212,14.212
98,1999,1999-08-11,1999-10-15,66,5,fine,51.671099999999996,14.709200000000004,147.09200000000004
98,1999,1999-08-11,1999-10-15,66,5,coarse,36.7047,20.789700000000003,207.89700000000005
98,1999,1999-08-11,1999-10-15,66,6,fine,17.849199999999996,10.407100000000003,104.07100000000003
98,1999,1999-08-11,1999-10-15,66,6,coarse,22.871100000000002,15.6021,156.02100000000002
99L,1996,1996-07-02,1996-09-25,84,1,coarse,2.1384000000000003,3.1889000000000007,31.889000000000006
99L,1996,1996-07-02,1996-09-25,84,1,fine,3.9811999999999994,1.5618,15.618
99L,1996,1996-07-02,1996-09-25,84,2,coarse,2.3584,5.229600000000001,52.296000000000014
99L,1996,1996-07-02,1996-09-25,84,2,fine,14.6077,3.0645000000000007,30.645000000000007
99L,1996,1996-07-02,1996-09-25,84,3,coarse,0.7902,1.4954,14.954
99L,1996,1996-07-02,1996-09-25,84,3,fine,2.6941,0.7991000000000001,7.991000000000001
99L,1996,1996-07-02,1996-09-25,84,4,coarse,0.6723000000000003,2.9298,29.298000000000002
99L,1996,1996-07-02,1996-09-25,84,4,fine,2.9315999999999995,1.5227000000000004,15.227000000000004
99L,1996,1996-07-02,1996-09-25,84,5,coarse,1.2465999999999995,2.5269000000000004,25.269000000000005
99L,1996,1996-07-02,1996-09-25,84,5,fine,4.803899999999999,1.4053000000000004,14.053000000000004
99L,1996,1996-07-02,1996-09-25,84,6,coarse,1.1336999999999997,2.7469,27.469
99L,1996,1996-07-02,1996-09-25,84,6,fine,3.1519,1.278299999999999,12.78299999999999
99L,1996,1996-09-25,1996-11-13,49,1,coarse,0.3724000000000003,1.374,13.740000000000002
99L,1996,1996-09-25,1996-11-13,49,1,fine,0.8731000000000004,0.36350000000000016,3.6350000000000016
99L,1996,1996-09-25,1996-11-13,49,2,coarse,17.9636,2.6067,26.067
99L,1996,1996-09-25,1996-11-13,49,2,fine,22.3553,1.8393999999999977,18.393999999999977
99L,1996,1996-09-25,1996-11-13,49,3,coarse,14.844900000000003,3.083599999999997,30.83599999999997
99L,1996,1996-09-25,1996-11-13,49,3,fine,19.112399999999997,2.0008000000000017,20.008000000000017
99L,1996,1996-09-25,1996-11-13,49,4,coarse,11.7529,4.535499999999999,45.35499999999999
99L,1996,1996-09-25,1996-11-13,49,4,fine,20.4863,2.2570000000000014,22.570000000000014
99L,1996,1996-09-25,1996-11-13,49,5,coarse,13.216999999999999,2.7220000000000013,27.220000000000013
99L,1996,1996-09-25,1996-11-13,49,5,fine,25.5273,1.781600000000001,17.81600000000001
99L,1996,1996-09-25,1996-11-13,49,6,coarse,4.938699999999999,2.4612,24.612
99L,1996,1996-09-25,1996-11-13,49,6,fine,7.511899999999999,1.6334,16.334
99L,1997,1997-05-25,1997-08-18,86,1,fine,31.5809,2.8542000000000054,28.542000000000055
99L,1997,1997-05-25,1997-08-18,86,1,coarse,7.9171,3.351000000000002,33.51000000000002
99L,1997,1997-05-25,1997-08-18,86,2,fine,68.3071,8.648600000000002,86.48600000000002
99L,1997,1997-05-25,1997-08-18,86,2,coarse,21.439500000000002,8.541399999999996,85.41399999999996
99L,1997,1997-05-25,1997-08-18,86,3,fine,12.4299,1.9451,19.451
99L,1997,1997-05-25,1997-08-18,86,3,coarse,8.632099999999998,4.0059000000000005,40.059000000000005
99L,1997,1997-05-25,1997-08-18,86,4,fine,57.8873,5.058799999999991,50.58799999999991
99L,1997,1997-05-25,1997-08-18,86,4,coarse,20.0131,9.118000000000002,91.18000000000002
99L,1997,1997-05-25,1997-08-18,86,5,fine,16.9796,2.168599999999998,21.68599999999998
99L,1997,1997-05-25,1997-08-18,86,5,coarse,8.3172,2.770500000000002,27.70500000000002
99L,1997,1997-05-25,1997-08-18,86,6,fine,20.912599999999998,1.7493000000000016,17.493000000000016
99L,1997,1997-05-25,1997-08-18,86,6,coarse,16.0321,2.569700000000001,25.69700000000001
99L,1997,NA,1997-05-23,NA,1,fine,43.6646,3.0878000000000014,30.878000000000014
99L,1997,NA,1997-05-23,NA,1,coarse,11.262500000000001,3.309899999999999,33.09899999999999
99L,1997,NA,1997-05-23,NA,2,fine,32.8762,7.362100000000005,73.62100000000005
99L,1997,NA,1997-05-23,NA,2,coarse,21.9823,7.3127,73.12700000000001
99L,1997,NA,1997-05-23,NA,3,fine,32.3006,3.834199999999995,38.34199999999995
99L,1997,NA,1997-05-23,NA,3,coarse,35.126599999999996,6.204000000000001,62.040000000000006
99L,1997,NA,1997-05-23,NA,4,fine,40.794200000000004,3.487000000000002,34.87000000000002
99L,1997,NA,1997-05-23,NA,4,coarse,21.915100000000002,4.866000000000003,48.66000000000003
99L,1997,NA,1997-05-23,NA,5,fine,52.4874,3.620899999999992,36.20899999999992
99L,1997,NA,1997-05-23,NA,5,coarse,47.3073,3.8057000000000016,38.057000000000016
99L,1997,NA,1997-05-23,NA,6,fine,60.194399999999995,3.0298000000000087,30.298000000000087
99L,1997,NA,1997-05-23,NA,6,coarse,51.9771,4.765799999999999,47.65799999999999
99U,1997,1997-08-20,1997-11-13,86,1,fine,28.1817,4.5205000000000055,45.205000000000055
99U,1997,1997-08-20,1997-11-13,86,1,coarse,5.385,7.702600000000001,77.02600000000001
99U,1997,1997-08-20,1997-11-13,86,2,fine,10.159400000000002,2.1667999999999985,21.667999999999985
99U,1997,1997-08-20,1997-11-13,86,2,coarse,3.3779000000000003,3.6794000000000007,36.794000000000004
99U,1997,1997-08-20,1997-11-13,86,3,fine,1.6099999999999994,1.1244000000000014,11.244000000000014
99U,1997,1997-08-20,1997-11-13,86,3,coarse,4.203200000000001,1.791599999999999,17.91599999999999
99U,1997,1997-08-20,1997-11-13,86,4,fine,6.680199999999999,1.0286000000000008,10.286000000000008
99U,1997,1997-08-20,1997-11-13,86,4,coarse,1.9577999999999989,2.4715000000000007,24.715000000000007
99U,1997,1997-08-20,1997-11-13,86,5,fine,1.8608000000000011,0.6463000000000001,6.463000000000001
99U,1997,1997-08-20,1997-11-13,86,5,coarse,0.7042999999999999,1.7482999999999986,17.482999999999986
99U,1997,1997-08-20,1997-11-13,86,6,fine,18.9972,1.3819000000000017,13.819000000000017
99U,1997,1997-08-20,1997-11-13,86,6,coarse,7.5854,1.8715000000000013,18.715000000000014
99U,1998,1998-04-30,1998-08-19,112,1,fine,4.6679,3.0584999999999996,30.584999999999994
99U,1998,1998-04-30,1998-08-19,112,1,coarse,1.0756999999999999,3.4526000000000003,34.526
99U,1998,1998-04-30,1998-08-19,112,2,fine,7.695600000000001,2.3435999999999986,23.435999999999986
99U,1998,1998-04-30,1998-08-19,112,2,coarse,1.2207000000000001,2.3440999999999996,23.440999999999995
99U,1998,1998-04-30,1998-08-19,112,3,fine,14.254,2.600199999999999,26.001999999999992
99U,1998,1998-04-30,1998-08-19,112,3,coarse,1.9132,3.3790000000000004,33.790000000000006
99U,1998,1998-04-30,1998-08-19,112,4,fine,12.810400000000001,1.0191999999999997,10.191999999999997
99U,1998,1998-04-30,1998-08-19,112,4,coarse,1.8533000000000002,2.1813,21.813
99U,1998,1998-04-30,1998-08-19,112,5,fine,7.773800000000001,2.015600000000001,20.15600000000001
99U,1998,1998-04-30,1998-08-19,112,5,coarse,1.8551000000000002,5.730700000000001,57.307
99U,1998,1998-04-30,1998-08-19,112,6,fine,9.169599999999999,1.411900000000001,14.11900000000001
99U,1998,1998-04-30,1998-08-19,112,6,coarse,2.3952,2.1192,21.192
99U,1998,1998-08-20,1998-10-27,69,1,fine,0.5788000000000002,1.1601,11.600999999999999
99U,1998,1998-08-20,1998-10-27,69,1,coarse,0.34219999999999984,2.0341000000000005,20.341000000000005
99U,1998,1998-08-20,1998-10-27,69,2,fine,0.655,1.6957,16.957
99U,1998,1998-08-20,1998-10-27,69,2,coarse,0.2810999999999999,2.5416000000000003,25.416000000000004
99U,1998,1998-08-20,1998-10-27,69,3,fine,0.5355000000000001,0.5741999999999998,5.741999999999998
99U,1998,1998-08-20,1998-10-27,69,3,coarse,0.2318,1.0556,10.556000000000001
99U,1998,1998-08-20,1998-10-27,69,4,fine,0.25750000000000006,0.38809999999999995,3.8809999999999993
99U,1998,1998-08-20,1998-10-27,69,4,coarse,0.15810000000000013,0.9045999999999998,9.046
99U,1998,1998-08-20,1998-10-27,69,5,fine,0.3207,0.4496,4.496
99U,1998,1998-08-20,1998-10-27,69,5,coarse,0.1723999999999999,0.9986,9.986
99U,1998,1998-08-20,1998-10-27,69,6,fine,0.3365,0.2695000000000001,2.6950000000000007
99U,1998,1998-08-20,1998-10-27,69,6,coarse,0.19300000000000006,0.8035000000000001,8.035
99U,1999,NA,1999-08-12,NA,1,fine,2.7549,2.7364999999999995,27.364999999999995
99U,1999,NA,1999-08-12,NA,1,coarse,0.8548,2.2411000000000003,22.411
99U,1999,NA,1999-08-12,NA,2,fine,3.0736000000000003,1.5774,15.774
99U,1999,NA,1999-08-12,NA,2,coarse,0.6889000000000001,1.5677,15.677000000000001
99U,1999,NA,1999-08-12,NA,3,fine,0.8015000000000001,0.6711999999999998,6.711999999999998
99U,1999,NA,1999-08-12,NA,3,coarse,0.19520000000000004,0.6783000000000001,6.783000000000001
99U,1999,NA,1999-08-12,NA,4,fine,2.2351,0.8153000000000001,8.153000000000002
99U,1999,NA,1999-08-12,NA,4,coarse,0.29699999999999993,0.9288999999999998,9.288999999999998
99U,1999,NA,1999-08-12,NA,5,fine,4.7935,1.770999999999999,17.70999999999999
99U,1999,NA,1999-08-12,NA,5,coarse,0.5348999999999999,1.817,18.169999999999998
99U,1999,NA,1999-08-12,NA,6,fine,9.1254,1.7865000000000002,17.865000000000002
99U,1999,NA,1999-08-12,NA,6,coarse,2.5294,2.3552,23.552
99U,1999,1999-08-11,1999-10-15,66,1,fine,1.667,1.5855,15.854999999999999
99U,1999,1999-08-11,1999-10-15,66,1,coarse,0.5274999999999999,2.3798999999999997,23.798999999999996
99U,1999,1999-08-11,1999-10-15,66,2,fine,3.4691,1.2501999999999995,12.501999999999995
99U,1999,1999-08-11,1999-10-15,66,2,coarse,1.9544000000000001,2.0096,20.095999999999997
99U,1999,1999-08-11,1999-10-15,66,3,fine,1.6639000000000002,1.8669,18.669
99U,1999,1999-08-11,1999-10-15,66,3,coarse,1.1726,4.3848,43.848
99U,1999,1999-08-11,1999-10-15,66,4,fine,6.5767,1.3253000000000004,13.253000000000004
99U,1999,1999-08-11,1999-10-15,66,4,coarse,6.0064,2.9785999999999992,29.785999999999994
99U,1999,1999-08-11,1999-10-15,66,5,fine,15.0887,3.3808000000000007,33.80800000000001
99U,1999,1999-08-11,1999-10-15,66,5,coarse,2.9516999999999998,4.9902999999999995,49.90299999999999
99U,1999,1999-08-11,1999-10-15,66,6,fine,11.9577,4.002499999999998,40.02499999999998
99U,1999,1999-08-11,1999-10-15,66,6,coarse,2.8244999999999996,7.965499999999999,79.65499999999999
99U,2000,2000-05-03,2000-07-20,78,1,fine,133.0254,2.8799999999999955,28.799999999999955
99U,2000,2000-05-03,2000-07-20,78,1,coarse,84.3317,3.7793000000000063,37.79300000000006
99U,2000,2000-05-03,2000-07-20,78,2,fine,78.00559999999999,3.253399999999999,32.53399999999999
99U,2000,2000-05-03,2000-07-20,78,2,coarse,27.7427,4.5024000000000015,45.024000000000015
99U,2000,2000-05-03,2000-07-20,78,3,fine,21.702599999999997,3.211800000000004,32.118000000000045
99U,2000,2000-05-03,2000-07-20,78,3,coarse,6.8864,6.5108000000000015,65.10800000000002
99U,2000,2000-05-03,2000-07-20,78,4,fine,15.751199999999999,0.2345000000000006,2.345000000000006
99U,2000,2000-05-03,2000-07-20,78,4,coarse,7.7081,2.1511000000000013,21.511000000000013
99U,2000,2000-05-03,2000-07-20,78,5,fine,42.8861,2.7909000000000006,27.909000000000006
99U,2000,2000-05-03,2000-07-20,78,5,coarse,30.3939,5.8171,58.171
99U,2000,2000-05-03,2000-07-20,78,6,fine,7.703900000000001,1.7413999999999987,17.413999999999987
99U,2000,2000-05-03,2000-07-20,78,6,coarse,12.1844,3.6610999999999976,36.610999999999976
99U,2000,2000-07-20,2000-10-12,77,1,fine,4.9017,2.0846,20.846
99U,2000,2000-07-20,2000-10-12,77,1,coarse,2.2142,2.8212,28.212000000000003
99U,2000,2000-07-20,2000-10-12,77,2,fine,4.741099999999999,2.2134,22.134
99U,2000,2000-07-20,2000-10-12,77,2,coarse,1.5696999999999999,4.0329,40.32899999999999
99U,2000,2000-07-20,2000-10-12,77,3,fine,17.512,2.3337000000000003,23.337000000000003
99U,2000,2000-07-20,2000-10-12,77,3,coarse,10.212200000000001,6.588200000000002,65.88200000000002
99U,2000,2000-07-20,2000-10-12,77,4,fine,NA,NA,NA
99U,2000,2000-07-20,2000-10-12,77,4,coarse,NA,NA,NA
99U,2000,2000-07-20,2000-10-12,77,5,fine,26.8366,2.615400000000001,26.15400000000001
99U,2000,2000-07-20,2000-10-12,77,5,coarse,4.307499999999999,3.7457000000000007,37.45700000000001
99U,2000,2000-07-20,2000-10-12,77,6,fine,8.559500000000002,1.5070999999999977,15.070999999999977
99U,2000,2000-07-20,2000-10-12,77,6,coarse,11.096100000000002,3.348899999999997,33.48899999999997
NC,1997,1997-05-25,1997-08-18,86,1,fine,1.9773999999999994,1.8880999999999997,18.880999999999997
NC,1997,1997-05-25,1997-08-18,86,1,coarse,1.1829999999999998,3.773,37.730000000000004
NC,1997,1997-05-25,1997-08-18,86,2,fine,1.7559000000000005,0.661999999999999,6.61999999999999
NC,1997,1997-05-25,1997-08-18,86,2,coarse,1.0412,0.9507999999999992,9.507999999999992
NC,1997,1997-05-25,1997-08-18,86,3,fine,1.6133000000000006,1.561399999999999,15.61399999999999
NC,1997,1997-05-25,1997-08-18,86,3,coarse,1.1578,2.3724000000000007,23.724000000000007
NC,1997,1997-05-25,1997-08-18,86,4,fine,1.4614999999999991,0.3526000000000007,3.526000000000007
NC,1997,1997-05-25,1997-08-18,86,4,coarse,3.2178000000000004,0.6288,6.288
NC,1997,1997-05-25,1997-08-18,86,5,fine,0.8896999999999995,0.4423999999999992,4.4239999999999915
NC,1997,1997-05-25,1997-08-18,86,5,coarse,0.9099999999999984,1.1509,11.509
NC,1997,1997-05-25,1997-08-18,86,6,fine,0.3326000000000011,0.21749999999999936,2.1749999999999936
NC,1997,1997-05-25,1997-08-18,86,6,coarse,0.12109999999999843,0.4233000000000011,4.233000000000011
NC,1997,1997-08-20,1997-11-13,86,1,fine,1.5014000000000003,0.7464999999999994,7.464999999999994
NC,1997,1997-08-20,1997-11-13,86,1,coarse,0.648200000000001,2.2401999999999997,22.401999999999997
NC,1997,1997-08-20,1997-11-13,86,2,fine,0.8652999999999995,0.8638999999999992,8.638999999999992
NC,1997,1997-08-20,1997-11-13,86,2,coarse,0.47910000000000075,2.509599999999999,25.09599999999999
NC,1997,1997-08-20,1997-11-13,86,3,fine,0.6685999999999996,1.089500000000001,10.89500000000001
NC,1997,1997-08-20,1997-11-13,86,3,coarse,0.8406000000000002,2.5349000000000004,25.349000000000004
NC,1997,1997-08-20,1997-11-13,86,4,fine,4.909599999999999,1.3614999999999997,13.614999999999997
NC,1997,1997-08-20,1997-11-13,86,4,coarse,5.253399999999999,2.7859,27.858999999999998
NC,1997,1997-08-20,1997-11-13,86,5,fine,1.1340000000000003,0.9447999999999991,9.447999999999992
NC,1997,1997-08-20,1997-11-13,86,5,coarse,0.36829999999999963,1.9487000000000003,19.487000000000002
NC,1997,1997-08-20,1997-11-13,86,6,fine,1.1297000000000015,0.9594999999999984,9.594999999999983
NC,1997,1997-08-20,1997-11-13,86,6,coarse,0.7258999999999993,2.0184000000000015,20.184000000000015
